time,phase,pos_x,pos_y,yaw_deg,speed_kph,vx_body,vy_body,yaw_rate_dps,throttle,brake,steer_deg,gear,rpm,fz_fl,fz_fr,fz_rl,fz_rr,sr_fl,sr_fr,sr_rl,sr_rr,sa_fl_deg,sa_fr_deg,sa_rl_deg,sa_rr_deg,fx_fl,fx_fr,fx_rl,fx_rr,fy_fl,fy_fr,fy_rl,fy_rr,lat_accel_g,susp_defl_fl_mm,susp_defl_fr_mm,susp_defl_rl_mm,susp_defl_rr_mm,susp_vel_fl,susp_vel_fr,susp_vel_rl,susp_vel_rr,roll_deg,pitch_deg
0.0000,accel,0.0000,0.0000,0.0000,0.0000,0.0000,0.0000,0.0000,0.0000,0.0000,0.0000,1,1000.0000,3776.8500,3776.8500,3090.1500,3090.1500,0.0000,0.0000,0.0000,0.0000,0.0000,0.0000,0.0000,0.0000,0.0000,0.0000,0.0000,0.0000,0.0000,0.0000,0.0000,0.0000,0.0000,0.0000,0.0000,0.0000,0.0000,0.0000,0.0000,0.0000,0.0000,0.0000,0.0000
0.1000,accel,0.0000,0.0000,0.0000,0.0189,0.0039,0.0000,0.0000,0.0667,0.0000,0.0000,1,1000.0000,3719.9859,3719.9859,3147.1123,3147.1123,0.0008,0.0008,0.0027,0.0027,0.0000,0.0000,0.0000,0.0000,-1.0416,-1.0416,112.8544,112.8544,0.0000,0.0000,0.0000,0.0000,0.0000,-0.1181,-0.1181,0.1924,0.1924,-4.1916,-4.1916,5.1645,5.1645,0.0000,-0.0068
0.2000,accel,0.0018,0.0000,0.0000,0.1124,0.0284,0.0000,0.0000,0.1333,0.0000,0.0000,1,1000.0000,3697.7662,3697.7662,3169.3250,3169.3250,0.0007,0.0007,0.0048,0.0048,0.0000,0.0000,0.0000,0.0000,-2.8329,-2.8329,243.5492,243.5492,0.0000,0.0000,0.0000,0.0000,0.0000,-0.6790,-0.6790,0.8527,0.8527,-6.5338,-6.5338,7.4472,7.4472,0.0000,-0.0338
0.3000,accel,0.0072,0.0000,0.0000,0.2736,0.0708,0.0000,0.0000,0.2000,0.0000,0.0000,1,1000.0000,3681.7075,3681.7075,3185.2874,3185.2874,0.0007,0.0007,0.0081,0.0081,0.0000,0.0000,0.0000,0.0000,-4.6947,-4.6947,440.7257,440.7257,0.0000,0.0000,0.0000,0.0000,0.0000,-1.3894,-1.3894,1.6337,1.6337,-6.0479,-6.0479,6.0221,6.0221,0.0000,-0.0666
0.4000,accel,0.0179,0.0000,0.0000,0.5292,0.1314,0.0000,0.0000,0.2667,0.0000,0.0000,1,1000.0000,3289.5465,3289.5465,3579.6346,3579.6346,-0.0027,-0.0027,0.0251,0.0251,0.0000,0.0000,0.0000,0.0000,-218.2448,-218.2448,1529.8298,1529.8298,0.0000,0.0000,0.0000,0.0000,0.0000,-0.9855,-0.9855,3.7399,3.7399,-120.9785,-120.9785,142.6992,142.6992,0.0000,-0.1041
0.5000,accel,0.0353,0.0000,0.0000,0.6924,0.2329,0.0000,0.0000,0.3333,0.0000,0.0000,1,1000.0000,3191.2448,3191.2448,3676.8799,3676.8799,0.0060,0.0060,-0.2299,-0.2299,0.0000,0.0000,0.0000,0.0000,311.6080,311.6080,-3717.3190,-3717.3190,0.0000,0.0000,0.0000,0.0000,0.0000,-1.8196,-1.8196,6.4364,6.4364,-143.1074,-143.1074,154.6323,154.6323,0.0000,-0.1819
0.6000,accel,0.0627,0.0000,0.0000,1.0318,0.3391,0.0000,0.0000,0.4000,0.0000,0.0000,1,1000.0000,3440.5571,3440.5571,3422.0961,3422.0961,-0.0148,-0.0148,-0.3251,-0.3251,0.0000,0.0000,0.0000,0.0000,-994.0602,-994.0602,-3411.8652,-3411.8652,0.0000,0.0000,0.0000,0.0000,0.0000,-1.7064,-1.7064,8.6423,8.6423,-72.6838,-72.6838,30.6595,30.6595,0.0000,-0.2281
0.7000,accel,0.1012,0.0000,0.0000,1.3919,0.4646,0.0000,0.0000,0.4667,0.0000,0.0000,1,1000.0000,3445.4665,3445.4665,3415.9562,3415.9562,-0.0781,-0.0781,-0.3316,-0.3316,0.0000,0.0000,0.0000,0.0000,-3148.4539,-3148.4539,-3402.4643,-3402.4643,0.0000,0.0000,0.0000,0.0000,0.0000,-2.3838,-2.3838,10.2213,10.2213,-66.4428,-66.4428,12.4135,12.4135,0.0000,-0.2778
0.8000,accel,0.1521,0.0000,0.0000,2.0432,0.5649,0.0000,0.0000,0.5333,0.0000,0.0000,1,1000.0000,3586.6682,3586.6682,3274.1838,3274.1838,0.1574,0.1574,-0.1434,-0.1434,0.0000,0.0000,0.0000,0.0000,3526.8590,3526.8590,-3306.4425,-3306.4425,0.0000,0.0000,0.0000,0.0000,0.0000,-1.8114,-1.8114,9.9113,9.9113,-30.1874,-30.1874,-29.4251,-29.4251,0.0000,-0.2583
0.9000,accel,0.2160,0.0000,0.0000,2.5797,0.7007,0.0000,0.0000,0.6000,0.0000,0.0000,1,1000.0000,2612.2887,2612.2887,4258.2274,4258.2274,-0.2221,-0.2221,0.5872,0.5872,0.0000,0.0000,0.0000,0.0000,-2643.5583,-2643.5583,3981.7490,3981.7490,0.0000,0.0000,0.0000,0.0000,0.0000,-2.0014,-2.0014,10.8844,10.8844,-307.2247,-307.2247,342.6905,342.6905,0.0000,-0.2840
1.0000,accel,0.2959,0.0000,0.0000,3.2739,0.8317,0.0000,0.0000,0.6667,0.0000,0.0000,1,1000.0000,3904.4182,3904.4182,2960.1107,2960.1107,0.4774,0.4774,0.4027,0.4027,0.0000,0.0000,0.0000,0.0000,3697.3759,3697.3759,2830.4269,2830.4269,0.0000,0.0000,0.0000,0.0000,0.0000,-2.6568,-2.6568,9.5916,9.5916,93.2912,93.2912,-116.8771,-116.8771,0.0000,-0.2699
1.1000,accel,0.3940,0.0000,0.0000,3.8821,1.0613,0.0000,0.0000,0.7333,0.0000,0.0000,1,1000.0000,2606.3506,2606.3506,4264.2326,4264.2326,-0.2887,-0.2887,0.4568,0.4568,0.0000,0.0000,0.0000,0.0000,-2612.7596,-2612.7596,4048.5070,4048.5070,0.0000,0.0000,0.0000,0.0000,0.0000,-4.6509,-4.6509,12.7891,12.7891,-289.9962,-289.9962,326.0461,326.0461,0.0000,-0.3843
1.2000,accel,0.5112,0.0000,0.0000,4.5391,1.2453,0.0000,0.0000,0.8000,0.0000,0.0000,1,1288.1816,2615.8796,2615.8796,4254.0890,4254.0890,-0.1685,-0.1685,0.6237,0.6237,0.0000,0.0000,0.0000,0.0000,-2654.0865,-2654.0865,3962.4590,3962.4590,0.0000,0.0000,0.0000,0.0000,0.0000,-4.5761,-4.5761,13.2014,13.2014,-287.8081,-287.8081,317.8660,317.8660,0.0000,-0.3918
1.3000,accel,0.6521,0.0000,0.0000,5.3947,1.4997,0.0000,0.0000,0.8667,0.0000,0.0000,1,1000.0000,3480.9555,3480.9555,3379.4637,3379.4637,-0.0940,-0.0940,0.3773,0.3773,0.0000,0.0000,0.0000,0.0000,-3338.5161,-3338.5161,3242.8927,3242.8927,0.0000,0.0000,0.0000,0.0000,0.0000,-6.2652,-6.2652,14.9352,14.9352,-28.5784,-28.5784,-35.2304,-35.2304,0.0000,-0.4672
1.4000,accel,0.8175,0.0000,0.0000,6.4216,1.7827,0.0000,0.0000,0.9333,0.0000,0.0000,1,1000.0000,3470.1271,3470.1271,3391.3496,3391.3496,0.1414,0.1414,-0.1029,-0.1029,0.0000,0.0000,0.0000,0.0000,3397.6834,3397.6834,-3309.1692,-3309.1692,0.0000,0.0000,0.0000,0.0000,0.0000,-9.2310,-9.2310,16.5077,16.5077,-10.4879,-10.4879,-43.0666,-43.0666,0.0000,-0.5672
1.5000,accel,1.0112,0.0000,0.0000,7.6544,2.0480,0.0000,0.0000,1.0000,0.0000,0.0000,1,1399.2522,3509.1680,3509.1680,3352.6393,3352.6393,0.3240,0.3240,0.4632,0.4632,0.0000,0.0000,0.0000,0.0000,3393.9859,3393.9859,3180.4287,3180.4287,0.0000,0.0000,0.0000,0.0000,0.0000,-9.7331,-9.7331,16.8091,16.8091,5.9546,5.9546,-56.2797,-56.2797,0.0000,-0.5849
1.6000,accel,1.2393,0.0000,0.0000,8.7120,2.4018,0.0000,0.0000,1.0000,0.0000,0.0000,1,1843.6179,2586.9992,2586.9992,4282.4060,4282.4060,-0.5801,-0.5801,0.5325,0.5325,0.0000,0.0000,0.0000,0.0000,-2498.5099,-2498.5099,4028.8075,4028.8075,0.0000,0.0000,0.0000,0.0000,0.0000,-11.2173,-11.2173,18.8168,18.8168,-248.6223,-248.6223,273.0382,273.0382,0.0000,-0.6619
1.7000,accel,1.4990,0.0000,0.0000,9.9809,2.6940,0.0000,0.0000,1.0000,0.0000,0.0000,1,1777.2372,3441.8158,3441.8158,3420.2280,3420.2280,0.2863,0.2863,0.4569,0.4569,0.0000,0.0000,0.0000,0.0000,3348.2910,3348.2910,3247.1621,3247.1621,0.0000,0.0000,0.0000,0.0000,0.0000,-11.0791,-11.0791,17.6087,17.6087,-5.3761,-5.3761,-42.6799,-42.6799,0.0000,-0.6322
1.8000,accel,1.7941,0.0000,0.0000,11.1656,3.0259,0.0000,0.0000,1.0000,0.0000,0.0000,1,2277.3865,4911.8416,4911.8416,1966.3783,1966.3783,0.0891,0.0891,0.5276,0.5276,0.0000,0.0000,0.0000,0.0000,4506.4497,4506.4497,1850.9972,1850.9972,0.0000,0.0000,0.0000,0.0000,0.0000,-10.1971,-10.1971,17.9611,17.9611,571.6631,571.6631,-460.5827,-460.5827,0.0000,-0.6205
1.9000,accel,2.1265,0.0000,0.0000,12.7569,3.5063,0.0000,0.0000,1.0000,0.0000,0.0000,1,1888.1205,3480.5038,3480.5038,3383.2635,3383.2635,-0.0011,-0.0011,0.3388,0.3388,0.0000,0.0000,0.0000,0.0000,-127.2873,-127.2873,3264.8942,3264.8942,0.0000,0.0000,0.0000,0.0000,0.0000,-15.9850,-15.9850,22.4923,22.4923,57.0078,57.0078,-88.1241,-88.1241,0.0000,-0.8479
2.0000,accel,2.5018,0.0000,0.0000,14.1333,3.8820,0.0000,0.0000,1.0000,0.0000,0.0000,1,1416.3855,3786.6561,3786.6561,3080.4704,3080.4704,0.0374,0.0374,0.0279,0.0279,0.0000,0.0000,0.0000,0.0000,2247.6430,2247.6430,1444.6140,1444.6140,0.0000,0.0000,0.0000,0.0000,0.0000,-14.9877,-14.9877,21.5059,21.5059,169.4958,169.4958,-167.5903,-167.5903,0.0000,-0.8042
2.1000,accel,2.9123,0.0000,0.0000,15.4195,4.2695,0.0000,0.0000,1.0000,0.0000,0.0000,1,1659.7488,2690.3336,2690.3336,4178.2277,4178.2277,-0.3897,-0.3897,0.0870,0.0870,0.0000,0.0000,0.0000,0.0000,-2657.8269,-2657.8269,3810.5365,3810.5365,0.0000,0.0000,0.0000,0.0000,0.0000,-15.8547,-15.8547,21.7614,21.7614,-185.9739,-185.9739,201.9210,201.9210,0.0000,-0.8289
2.2000,accel,3.3589,0.0000,0.0000,16.8797,4.6733,0.0000,0.0000,1.0000,0.0000,0.0000,1,2887.8850,2682.5525,2682.5525,4185.4276,4185.4276,-0.3184,-0.3184,0.4264,0.4264,0.0000,0.0000,0.0000,0.0000,-2677.1810,-2677.1810,3989.3210,3989.3210,0.0000,0.0000,0.0000,0.0000,0.0000,-17.3058,-17.3058,23.4325,23.4325,-177.8324,-177.8324,188.0897,188.0897,0.0000,-0.8977
2.3000,accel,3.8549,0.0000,0.0000,18.6662,5.1687,0.0000,0.0000,1.0000,0.0000,0.0000,1,3461.5968,2630.3309,2630.3309,4238.1108,4238.1108,-0.2904,-0.2904,0.4709,0.4709,0.0000,0.0000,0.0000,0.0000,-2636.1214,-2636.1214,4016.5631,4016.5631,0.0000,0.0000,0.0000,0.0000,0.0000,-20.0505,-20.0505,25.5609,25.5609,-173.1479,-173.1479,187.8798,187.8798,0.0000,-1.0051
2.4000,accel,4.4000,0.0000,0.0000,20.4163,5.6565,0.0000,0.0000,1.0000,0.0000,0.0000,1,5329.9119,2660.0441,2660.0441,4207.9228,4207.9228,-0.2597,-0.2597,0.6240,0.6240,0.0000,0.0000,0.0000,0.0000,-2678.1617,-2678.1617,3919.3492,3919.3492,0.0000,0.0000,0.0000,0.0000,0.0000,-20.9249,-20.9249,26.2951,26.2951,-158.4123,-158.4123,168.4619,168.4619,0.0000,-1.0406
2.5000,accel,4.9936,0.0000,0.0000,22.0727,6.1233,0.0000,0.0000,1.0000,0.0000,0.0000,2,2838.9165,2989.5491,2989.5491,3874.7984,3874.7984,-0.1103,-0.1103,0.5688,0.5688,0.0000,0.0000,0.0000,0.0000,-2948.0666,-2948.0666,3630.4969,3630.4969,0.0000,0.0000,0.0000,0.0000,0.0000,-20.5461,-20.5461,25.6742,25.6742,-66.9741,-66.9741,41.4209,41.4209,0.0000,-1.0185
2.6000,accel,5.6193,0.0000,0.0000,22.4257,6.3123,0.0000,0.0000,1.0000,0.0000,0.0000,2,1020.1767,2659.5211,2659.5211,4208.8297,4208.8297,-0.2277,-0.2277,-0.1909,-0.1909,0.0000,0.0000,0.0000,0.0000,-2689.5030,-2689.5030,-4270.8688,-4270.8688,0.0000,0.0000,0.0000,0.0000,0.0000,-10.7230,-10.7230,18.6262,18.6262,-231.4323,-231.4323,245.5140,245.5140,0.0000,-0.6468
2.7000,accel,6.2462,0.0000,0.0000,22.6491,6.2895,0.0000,0.0000,1.0000,0.0000,0.0000,2,1521.2593,3297.7063,3297.7063,3567.1611,3567.1611,-0.2018,-0.2018,0.1733,0.1733,0.0000,0.0000,0.0000,0.0000,-3343.9999,-3343.9999,3513.1945,3513.1945,0.0000,0.0000,0.0000,0.0000,0.0000,-3.7050,-3.7050,9.6248,9.6248,-99.2227,-99.2227,78.8603,78.8603,0.0000,-0.2937
2.8000,accel,6.8860,0.0000,0.0000,23.2248,6.5008,0.0000,0.0000,1.0000,0.0000,0.0000,2,1274.9994,2573.7218,2573.7218,4299.1792,4299.1792,-0.2169,-0.2169,-0.0189,-0.0189,0.0000,0.0000,0.0000,0.0000,-2606.0651,-2606.0651,-1539.4832,-1539.4832,0.0000,0.0000,0.0000,0.0000,0.0000,-6.3381,-6.3381,12.2045,12.2045,-287.2673,-287.2673,345.8702,345.8702,0.0000,-0.4086
2.9000,accel,7.5439,0.0000,0.0000,24.0184,6.5916,0.0000,0.0000,1.0000,0.0000,0.0000,2,1752.4448,4719.1376,4719.1376,2154.8211,2154.8211,0.1551,0.1551,0.2480,0.2480,0.0000,0.0000,0.0000,0.0000,4638.5009,4638.5009,2108.5352,2108.5352,0.0000,0.0000,0.0000,0.0000,0.0000,-2.4664,-2.4664,9.7554,9.7554,417.2749,417.2749,-348.1298,-348.1298,0.0000,-0.2693
3.0000,accel,8.2202,0.0000,0.0000,24.6427,6.8310,0.0000,0.0000,1.0000,0.0000,0.0000,2,1286.7704,3764.5238,3764.5238,3098.4676,3098.4676,0.1686,0.1686,-0.0576,-0.0576,0.0000,0.0000,0.0000,0.0000,3706.6017,3706.6017,-2506.5339,-2506.5339,0.0000,0.0000,0.0000,0.0000,0.0000,-4.8223,-4.8223,12.4298,12.4298,58.9880,58.9880,-97.6192,-97.6192,0.0000,-0.3802
3.1000,accel,8.9160,0.0000,0.0000,25.4253,7.0632,0.0000,0.0000,1.0000,0.0000,0.0000,2,1468.0448,2581.3785,2581.3785,4289.3926,4289.3926,-0.1854,-0.1854,0.0381,0.0381,0.0000,0.0000,0.0000,0.0000,-2619.9302,-2619.9302,2580.8196,2580.8196,0.0000,0.0000,0.0000,0.0000,0.0000,-6.6978,-6.6978,14.3641,14.3641,-282.5105,-282.5105,320.3597,320.3597,0.0000,-0.4641
3.2000,accel,9.6317,0.0000,0.0000,26.1160,7.1748,0.0000,0.0000,1.0000,0.0000,0.0000,2,1832.8173,4677.8121,4677.8121,2195.3347,2195.3347,0.1266,0.1266,0.2174,0.2174,0.0000,0.0000,0.0000,0.0000,4544.4199,4544.4199,2156.9462,2156.9462,0.0000,0.0000,0.0000,0.0000,0.0000,-3.1585,-3.1585,11.1382,11.1382,407.6655,407.6655,-346.4318,-346.4318,0.0000,-0.3151
3.3000,accel,10.3667,0.0000,0.0000,26.9099,7.3976,0.0000,0.0000,1.0000,0.0000,0.0000,2,1656.0053,3816.5317,3816.5317,3048.2029,3048.2029,0.1034,0.1034,0.1069,0.1069,0.0000,0.0000,0.0000,0.0000,3612.2556,3612.2556,2901.0788,2901.0788,0.0000,0.0000,0.0000,0.0000,0.0000,-5.3177,-5.3177,11.6445,11.6445,84.7457,84.7457,-106.3713,-106.3713,0.0000,-0.3738
3.4000,accel,11.1216,0.0000,0.0000,27.5180,7.6143,0.0000,0.0000,1.0000,0.0000,0.0000,2,1651.0056,4133.4094,4133.4094,2734.6016,2734.6016,0.0019,0.0019,0.0780,0.0780,0.0000,0.0000,0.0000,0.0000,84.6340,84.6340,2415.8409,2415.8409,0.0000,0.0000,0.0000,0.0000,0.0000,-5.6302,-5.6302,12.7627,12.7627,214.6215,214.6215,-203.9590,-203.9590,0.0000,-0.4053
3.5000,accel,11.8960,0.0000,0.0000,28.2397,7.7969,0.0000,0.0000,1.0000,0.0000,0.0000,1,2964.4413,4404.1768,4404.1768,2466.3147,2466.3147,0.0258,0.0258,0.0681,0.0681,0.0000,0.0000,0.0000,0.0000,1927.1671,1927.1671,2074.1710,2074.1710,0.0000,0.0000,0.0000,0.0000,0.0000,-4.7128,-4.7128,12.4871,12.4871,313.7545,313.7545,-278.6437,-278.6437,0.0000,-0.3790
3.6000,accel,12.6771,0.0000,0.0000,28.1150,7.8177,0.0000,0.0000,1.0000,0.0000,0.0000,1,3033.4657,3594.7417,3594.7417,3266.5707,3266.5707,-0.1498,-0.1498,0.0869,0.0869,0.0000,0.0000,0.0000,0.0000,-3636.9785,-3636.9785,2978.2113,2978.2113,0.0000,0.0000,0.0000,0.0000,0.0000,-0.5284,-0.5284,8.0216,8.0216,-37.0453,-37.0453,-18.1029,-18.1029,0.0000,-0.1884
3.7000,accel,13.4584,0.0000,0.0000,28.1166,7.8164,0.0000,0.0000,1.0000,0.0000,0.0000,1,3760.7788,3621.7407,3621.7407,3242.2746,3242.2746,-0.1634,-0.1634,0.2636,0.2636,0.0000,0.0000,0.0000,0.0000,-3672.9887,-3672.9887,3165.2198,3165.2198,0.0000,0.0000,0.0000,0.0000,0.0000,0.1044,0.1044,4.0223,4.0223,-33.8516,-33.8516,4.9312,4.9312,0.0000,-0.0863
3.8000,accel,14.2686,0.0000,0.0000,29.9210,8.2995,0.0000,0.0000,1.0000,0.0000,0.0000,1,5753.9770,2818.9094,2818.9094,4050.1956,4050.1956,-0.1225,-0.1225,0.4890,0.4890,0.0000,0.0000,0.0000,0.0000,-2814.4796,-2814.4796,3829.9860,3829.9860,0.0000,0.0000,0.0000,0.0000,0.0000,-11.9666,-11.9666,17.0107,17.0107,-177.0101,-177.0101,198.2150,198.2150,0.0000,-0.6386
3.9000,accel,15.1279,0.0000,0.0000,31.6808,8.7885,0.0000,0.0000,1.0000,0.0000,0.0000,1,6654.6627,2822.3548,2822.3548,4045.0018,4045.0018,-0.1151,-0.1151,0.5321,0.5321,0.0000,0.0000,0.0000,0.0000,-2798.7670,-2798.7670,3805.6586,3805.6586,0.0000,0.0000,0.0000,0.0000,0.0000,-17.3399,-17.3399,22.4574,22.4574,-137.6451,-137.6451,141.6710,141.6710,0.0000,-0.8770
4.0000,accel,16.0360,0.0000,0.0000,33.4386,9.2762,0.0000,0.0000,1.0000,0.0000,0.0000,1,6859.1787,2805.0962,2805.0962,4061.7435,4061.7435,-0.1114,-0.1114,0.5209,0.5209,0.0000,0.0000,0.0000,0.0000,-2770.0454,-2770.0454,3826.3813,3826.3813,0.0000,0.0000,0.0000,0.0000,0.0000,-19.6066,-19.6066,24.7608,24.7608,-126.3851,-126.3851,125.3332,125.3332,0.0000,-0.9777
4.1000,accel,16.9929,0.0000,0.0000,35.1992,9.7645,0.0000,0.0000,1.0000,0.0000,0.0000,1,6893.3968,2783.6676,2783.6676,4083.1192,4083.1192,-0.1078,-0.1078,0.4981,0.4981,0.0000,0.0000,0.0000,0.0000,-2736.1549,-2736.1549,3856.8526,3856.8526,0.0000,0.0000,0.0000,0.0000,0.0000,-20.6107,-20.6107,25.7727,25.7727,-125.3355,-125.3355,123.7644,123.7644,0.0000,-1.0221
4.2000,accel,17.9986,0.0000,0.0000,36.9635,10.2538,0.0000,0.0000,1.0000,0.0000,0.0000,1,6886.0151,2766.0592,2766.0592,4100.8127,4100.8127,-0.1030,-0.1030,0.4724,0.4724,0.0000,0.0000,0.0000,0.0000,-2699.3311,-2699.3311,3885.7200,3885.7200,0.0000,0.0000,0.0000,0.0000,0.0000,-21.0943,-21.0943,26.2393,26.2393,-126.9127,-126.9127,126.1763,126.1763,0.0000,-1.0431
4.3000,accel,19.0534,0.0000,0.0000,38.7317,10.7443,0.0000,0.0000,1.0000,0.0000,0.0000,1,6866.1378,2758.9830,2758.9830,4107.9384,4107.9384,-0.0965,-0.0965,0.4456,0.4456,0.0000,0.0000,0.0000,0.0000,-2660.6052,-2660.6052,3905.6847,3905.6847,0.0000,0.0000,0.0000,0.0000,0.0000,-21.3637,-21.3637,26.4664,26.4664,-127.0099,-127.0099,126.7557,126.7557,0.0000,-1.0540
4.4000,accel,20.1572,0.0000,0.0000,40.5053,11.2363,0.0000,0.0000,1.0000,0.0000,0.0000,1,6841.0367,2760.2588,2760.2588,4106.6589,4106.6589,-0.0894,-0.0894,0.4181,0.4181,0.0000,0.0000,0.0000,0.0000,-2617.4354,-2617.4354,3918.5961,3918.5961,0.0000,0.0000,0.0000,0.0000,0.0000,-21.5507,-21.5507,26.5894,26.5894,-125.3096,-125.3096,125.0131,125.0131,0.0000,-1.0609
4.5000,accel,21.3104,0.0000,0.0000,42.2855,11.7301,0.0000,0.0000,1.0000,0.0000,0.0000,2,6813.1081,2764.8754,2764.8754,4102.0248,4102.0248,-0.0824,-0.0824,0.3900,0.3900,0.0000,0.0000,0.0000,0.0000,-2566.8765,-2566.8765,3929.2259,3929.2259,0.0000,0.0000,0.0000,0.0000,0.0000,-21.7115,-21.7115,26.6690,26.6690,-122.8419,-122.8419,122.3644,122.3644,0.0000,-1.0662
4.6000,accel,22.4951,0.0000,0.0000,42.6427,11.8529,0.0000,0.0000,1.0000,0.0000,0.0000,2,2528.8995,3551.6530,3551.6530,3311.6497,3311.6497,-0.0832,-0.0832,0.0630,0.0630,0.0000,0.0000,0.0000,0.0000,-3305.9971,-3305.9971,2693.8098,2693.8098,0.0000,0.0000,0.0000,0.0000,0.0000,-10.0856,-10.0856,16.0007,16.0007,26.4729,26.4729,-62.2165,-62.2165,0.0000,-0.5749
4.7000,accel,23.6799,0.0000,0.0000,42.6268,11.8511,0.0000,0.0000,1.0000,0.0000,0.0000,2,2519.5292,3593.2275,3593.2275,3270.6393,3270.6393,-0.0919,-0.0919,0.0597,0.0597,0.0000,0.0000,0.0000,0.0000,-3429.6622,-3429.6622,2593.1170,2593.1170,0.0000,0.0000,0.0000,0.0000,0.0000,-3.8469,-3.8469,7.9747,7.9747,-13.7745,-13.7745,-16.6055,-16.6055,0.0000,-0.2605
4.8000,accel,24.8796,0.0000,0.0000,43.5703,12.1014,0.0000,0.0000,1.0000,0.0000,0.0000,2,2601.0837,3167.8992,3167.8992,3699.2625,3699.2625,-0.0868,-0.0868,0.0699,0.0699,0.0000,0.0000,0.0000,0.0000,-2982.7173,-2982.7173,3143.6757,3143.6757,0.0000,0.0000,0.0000,0.0000,0.0000,-7.6871,-7.6871,11.8073,11.8073,-107.8670,-107.8670,109.8757,109.8757,0.0000,-0.4296
4.9000,accel,26.1050,0.0000,0.0000,44.4992,12.3597,0.0000,0.0000,1.0000,0.0000,0.0000,2,2639.2139,3128.5706,3128.5706,3738.6393,3738.6393,-0.0840,-0.0840,0.0638,0.0638,0.0000,0.0000,0.0000,0.0000,-2920.1714,-2920.1714,3057.8767,3057.8767,0.0000,0.0000,0.0000,0.0000,0.0000,-9.5965,-9.5965,13.5767,13.5767,-105.4649,-105.4649,107.9328,107.9328,0.0000,-0.5107
5.0000,accel,27.3562,0.0000,0.0000,45.4367,12.6203,0.0000,0.0000,1.0000,0.0000,0.0000,2,2685.7030,3112.3399,3112.3399,3754.8280,3754.8280,-0.0809,-0.0809,0.0606,0.0606,0.0000,0.0000,0.0000,0.0000,-2874.9069,-2874.9069,2999.2980,2999.2980,0.0000,0.0000,0.0000,0.0000,0.0000,-10.4768,-10.4768,14.4309,14.4309,-103.8144,-103.8144,105.8661,105.8661,0.0000,-0.5489
5.1000,accel,28.6336,0.0000,0.0000,46.3849,12.8837,0.0000,0.0000,1.0000,0.0000,0.0000,2,2735.2225,3102.7922,3102.7922,3764.3276,3764.3276,-0.0778,-0.0778,0.0584,0.0584,0.0000,0.0000,0.0000,0.0000,-2832.5112,-2832.5112,2951.8354,2951.8354,0.0000,0.0000,0.0000,0.0000,0.0000,-10.9239,-10.9239,14.9045,14.9045,-103.3487,-103.3487,104.9305,104.9305,0.0000,-0.5692
5.2000,accel,29.9375,0.0000,0.0000,47.3446,13.1504,0.0000,0.0000,1.0000,0.0000,0.0000,2,2785.9717,3094.3375,3094.3375,3772.7544,3772.7544,-0.0748,-0.0748,0.0564,0.0564,0.0000,0.0000,0.0000,0.0000,-2788.1283,-2788.1283,2906.8067,2906.8067,0.0000,0.0000,0.0000,0.0000,0.0000,-11.1928,-11.1928,15.2191,15.2191,-103.8432,-103.8432,105.1549,105.1549,0.0000,-0.5820
5.3000,accel,31.2683,0.0000,0.0000,48.3161,13.4202,0.0000,0.0000,1.0000,0.0000,0.0000,2,2837.8589,3086.5755,3086.5755,3780.4985,3780.4985,-0.0717,-0.0717,0.0546,0.0546,0.0000,0.0000,0.0000,0.0000,-2741.2476,-2741.2476,2864.3325,2864.3325,0.0000,0.0000,0.0000,0.0000,0.0000,-11.3901,-11.3901,15.4650,15.4650,-104.6523,-104.6523,105.7935,105.7935,0.0000,-0.5918
5.4000,accel,32.6263,0.0000,0.0000,49.2996,13.6933,0.0000,0.0000,1.0000,0.0000,0.0000,2,2890.9663,3079.7201,3079.7201,3787.3389,3787.3389,-0.0687,-0.0687,0.0531,0.0531,0.0000,0.0000,0.0000,0.0000,-2691.7739,-2691.7739,2825.5423,2825.5423,0.0000,0.0000,0.0000,0.0000,0.0000,-11.5611,-11.5611,15.6791,15.6791,-105.3892,-105.3892,106.3882,106.3882,0.0000,-0.6003
5.5000,accel,34.0118,0.0000,0.0000,50.2953,13.9696,0.0000,0.0000,1.0000,0.0000,0.0000,2,2945.3543,3073.9686,3073.9686,3793.0755,3793.0755,-0.0657,-0.0657,0.0518,0.0518,0.0000,0.0000,0.0000,0.0000,-2639.5500,-2639.5500,2791.3312,2791.3312,0.0000,0.0000,0.0000,0.0000,0.0000,-11.7260,-11.7260,15.8764,15.8764,-105.8548,-105.8548,106.7101,106.7101,0.0000,-0.6083
5.6000,accel,35.4251,0.0000,0.0000,51.3034,14.2494,0.0000,0.0000,1.0000,0.0000,0.0000,2,3001.0477,3069.4565,3069.4565,3797.5718,3797.5718,-0.0628,-0.0628,0.0508,0.0508,0.0000,0.0000,0.0000,0.0000,-2584.3343,-2584.3343,2762.1803,2762.1803,0.0000,0.0000,0.0000,0.0000,0.0000,-11.8938,-11.8938,16.0625,16.0625,-105.9456,-105.9456,106.6473,106.6473,0.0000,-0.6161
5.7000,accel,36.8666,0.0000,0.0000,52.3230,14.5322,0.0000,0.0000,1.0000,0.0000,0.0000,2,3058.7700,3068.6536,3068.6536,3798.3392,3798.3392,-0.0598,-0.0598,0.0502,0.0502,0.0000,0.0000,0.0000,0.0000,-2527.8210,-2527.8210,2744.5790,2744.5790,0.0000,0.0000,0.0000,0.0000,0.0000,-12.0588,-12.0588,16.2231,16.2231,-104.9964,-104.9964,105.3491,105.3491,0.0000,-0.6232
5.8000,accel,38.3366,0.0000,0.0000,53.3520,14.8176,0.0000,0.0000,1.0000,0.0000,0.0000,2,3116.7023,3069.0103,3069.0103,3797.9602,3797.9602,-0.0569,-0.0569,0.0496,0.0496,0.0000,0.0000,0.0000,0.0000,-2468.3467,-2468.3467,2723.1122,2723.1122,0.0000,0.0000,0.0000,0.0000,0.0000,-12.2187,-12.2187,16.3545,16.3545,-103.7520,-103.7520,103.8830,103.8830,0.0000,-0.6297
5.9000,accel,39.8352,0.0000,0.0000,54.3884,15.1050,0.0000,0.0000,1.0000,0.0000,0.0000,2,3174.8373,3070.1882,3070.1882,3796.7665,3796.7665,-0.0541,-0.0541,0.0489,0.0489,0.0000,0.0000,0.0000,0.0000,-2405.6508,-2405.6508,2699.1697,2699.1697,0.0000,0.0000,0.0000,0.0000,0.0000,-12.3609,-12.3609,16.4581,16.4581,-102.4000,-102.4000,102.3700,102.3700,0.0000,-0.6351
6.0000,accel,41.3628,0.0000,0.0000,55.4323,15.3945,0.0000,0.0000,1.0000,0.0000,0.0000,2,3233.7110,3072.5131,3072.5131,3794.4263,3794.4263,-0.0513,-0.0513,0.0483,0.0483,0.0000,0.0000,0.0000,0.0000,-2338.9154,-2338.9154,2678.0891,2678.0891,0.0000,0.0000,0.0000,0.0000,0.0000,-12.4970,-12.4970,16.5435,16.5435,-100.7635,-100.7635,100.5795,100.5795,0.0000,-0.6400
6.1000,accel,42.9194,0.0000,0.0000,56.4836,15.6859,0.0000,0.0000,1.0000,0.0000,0.0000,2,3293.2889,3075.9973,3075.9973,3790.9274,3790.9274,-0.0485,-0.0485,0.0478,0.0478,0.0000,0.0000,0.0000,0.0000,-2267.7114,-2267.7114,2659.4752,2659.4752,0.0000,0.0000,0.0000,0.0000,0.0000,-12.6347,-12.6347,16.6166,16.6166,-98.7846,-98.7846,98.4490,98.4490,0.0000,-0.6446
6.2000,accel,44.5053,0.0000,0.0000,57.5424,15.9793,0.0000,0.0000,1.0000,0.0000,0.0000,2,3353.5387,3080.6604,3080.6604,3786.2497,3786.2497,-0.0457,-0.0457,0.0474,0.0474,0.0000,0.0000,0.0000,0.0000,-2191.5409,-2191.5409,2642.9244,2642.9244,0.0000,0.0000,0.0000,0.0000,0.0000,-12.7772,-12.7772,16.6797,16.6797,-96.4344,-96.4344,95.9470,95.9470,0.0000,-0.6491
6.3000,accel,46.1207,0.0000,0.0000,58.6088,16.2748,0.0000,0.0000,1.0000,0.0000,0.0000,2,3414.4310,3086.5354,3086.5354,3780.3600,3780.3600,-0.0429,-0.0429,0.0471,0.0471,0.0000,0.0000,0.0000,0.0000,-2109.8238,-2109.8238,2628.0396,2628.0396,0.0000,0.0000,0.0000,0.0000,0.0000,-12.9259,-12.9259,16.7336,16.7336,-93.6936,-93.6936,93.0516,93.0516,0.0000,-0.6536
6.4000,accel,47.7658,0.0000,0.0000,59.6828,16.5723,0.0000,0.0000,1.0000,0.0000,0.0000,2,3475.9392,3093.6745,3093.6745,3773.2058,3773.2058,-0.0401,-0.0401,0.0469,0.0469,0.0000,0.0000,0.0000,0.0000,-2021.8757,-2021.8757,2614.4358,2614.4358,0.0000,0.0000,0.0000,0.0000,0.0000,-13.0815,-13.0815,16.7786,16.7786,-90.5420,-90.5420,89.7404,89.7404,0.0000,-0.6580
6.5000,accel,49.4408,0.0000,0.0000,60.7645,16.8718,0.0000,0.0000,1.0000,0.0000,0.0000,2,3538.0392,3102.1546,3102.1546,3764.7099,3764.7099,-0.0372,-0.0372,0.0467,0.0467,0.0000,0.0000,0.0000,0.0000,-1926.8762,-1926.8762,2601.7385,2601.7385,0.0000,0.0000,0.0000,0.0000,0.0000,-13.2446,-13.2446,16.8143,16.8143,-86.9545,-86.9545,85.9853,85.9853,0.0000,-0.6624
6.6000,accel,51.1460,0.0000,0.0000,61.8539,17.1734,0.0000,0.0000,1.0000,0.0000,0.0000,2,3600.7086,3112.0840,3112.0840,3754.7638,3754.7638,-0.0344,-0.0344,0.0465,0.0465,0.0000,0.0000,0.0000,0.0000,-1823.8246,-1823.8246,2589.5760,2589.5760,0.0000,0.0000,0.0000,0.0000,0.0000,-13.4154,-13.4154,16.8401,16.8401,-82.8971,-82.8971,81.7487,81.7487,0.0000,-0.6667
6.7000,accel,52.8814,0.0000,0.0000,62.9511,17.4770,0.0000,0.0000,1.0000,0.0000,0.0000,2,3663.9256,3123.6106,3123.6106,3743.2190,3743.2190,-0.0314,-0.0314,0.0464,0.0464,0.0000,0.0000,0.0000,0.0000,-1711.4786,-1711.4786,2577.5680,2577.5680,0.0000,0.0000,0.0000,0.0000,0.0000,-13.5947,-13.5947,16.8552,16.8552,-78.3237,-78.3237,76.9800,76.9800,0.0000,-0.6710
6.8000,accel,54.6475,0.0000,0.0000,64.0562,17.7827,0.0000,0.0000,1.0000,0.0000,0.0000,2,3727.6682,3136.9336,3136.9336,3729.8758,3729.8758,-0.0284,-0.0284,0.0463,0.0463,0.0000,0.0000,0.0000,0.0000,-1588.2735,-1588.2735,2565.3102,2565.3102,0.0000,0.0000,0.0000,0.0000,0.0000,-13.7829,-13.7829,16.8583,16.8583,-73.1723,-73.1723,71.6113,71.6113,0.0000,-0.6752
6.9000,accel,56.4442,0.0000,0.0000,65.1693,18.0904,0.0000,0.0000,1.0000,0.0000,0.0000,2,3791.9123,3152.3178,3152.3178,3714.4687,3714.4687,-0.0253,-0.0253,0.0463,0.0463,0.0000,0.0000,0.0000,0.0000,-1452.2193,-1452.2193,2552.3556,2552.3556,0.0000,0.0000,0.0000,0.0000,0.0000,-13.9812,-13.9812,16.8478,16.8478,-67.3606,-67.3606,65.5531,65.5531,0.0000,-0.6794
7.0000,accel,58.2720,0.0000,0.0000,66.2904,18.4002,0.0000,0.0000,1.0000,0.0000,0.0000,2,3856.6310,3170.1080,3170.1080,3696.6519,3696.6519,-0.0221,-0.0221,0.0462,0.0462,0.0000,0.0000,0.0000,0.0000,-1300.8025,-1300.8025,2538.1969,2538.1969,0.0000,0.0000,0.0000,0.0000,0.0000,-14.1907,-14.1907,16.8216,16.8216,-60.7812,-60.7812,58.6886,58.6886,0.0000,-0.6834
7.1000,accel,60.1309,0.0000,0.0000,67.4197,18.7121,0.0000,0.0000,1.0000,0.0000,0.0000,2,3921.7943,3190.7288,3190.7288,3676.0000,3676.0000,-0.0186,-0.0186,0.0462,0.0462,0.0000,0.0000,0.0000,0.0000,-1131.0025,-1131.0025,2522.2667,2522.2667,0.0000,0.0000,0.0000,0.0000,0.0000,-14.4131,-14.4131,16.7769,16.7769,-53.3010,-53.3010,50.8752,50.8752,0.0000,-0.6873
7.2000,accel,62.0213,0.0000,0.0000,68.5572,19.0261,0.0000,0.0000,1.0000,0.0000,0.0000,2,3987.3726,3214.6135,3214.6135,3652.0793,3652.0793,-0.0150,-0.0150,0.0461,0.0461,0.0000,0.0000,0.0000,0.0000,-939.8380,-939.8380,2504.0195,2504.0195,0.0000,0.0000,0.0000,0.0000,0.0000,-14.6504,-14.6504,16.7105,16.7105,-44.7817,-44.7817,41.9705,41.9705,0.0000,-0.6911
7.3000,accel,63.9432,0.0000,0.0000,69.7024,19.3420,0.0000,0.0000,1.0000,0.0000,0.0000,2,4052.9994,3242.4828,3242.4828,3624.1663,3624.1663,-0.0112,-0.0112,0.0460,0.0460,0.0000,0.0000,0.0000,0.0000,-727.2647,-727.2647,2480.2250,2480.2250,0.0000,0.0000,0.0000,0.0000,0.0000,-14.9001,-14.9001,16.6150,16.6150,-35.0355,-35.0355,31.7606,31.7606,0.0000,-0.6945
7.4000,accel,65.8970,0.0000,0.0000,70.8527,19.6592,0.0000,0.0000,1.0000,0.0000,0.0000,2,4118.5582,3272.6459,3272.6459,3593.9716,3593.9716,-0.0074,-0.0074,0.0458,0.0458,0.0000,0.0000,0.0000,0.0000,-503.7186,-503.7186,2452.2576,2452.2576,0.0000,0.0000,0.0000,0.0000,0.0000,-15.1475,-15.1475,16.4807,16.4807,-24.6502,-24.6502,21.0259,21.0259,0.0000,-0.6970
7.5000,accel,67.8827,0.0000,0.0000,72.0076,19.9779,0.0000,0.0000,1.0000,0.0000,0.0000,2,4184.6188,3301.0380,3301.0380,3565.5848,3565.5848,-0.0039,-0.0039,0.0456,0.0456,0.0000,0.0000,0.0000,0.0000,-295.9164,-295.9164,2427.4541,2427.4541,0.0000,0.0000,0.0000,0.0000,0.0000,-15.3958,-15.3958,16.3326,16.3326,-14.7648,-14.7648,11.1523,11.1523,0.0000,-0.6992
7.6000,accel,69.9004,0.0000,0.0000,73.1662,20.2981,0.0000,0.0000,1.0000,0.0000,0.0000,2,4251.5969,3321.4446,3321.4446,3545.2459,3545.2459,-0.0015,-0.0015,0.0456,0.0456,0.0000,0.0000,0.0000,0.0000,-146.4367,-146.4367,2412.7929,2412.7929,0.0000,0.0000,0.0000,0.0000,0.0000,-15.6342,-15.6342,16.2094,16.2094,-7.2318,-7.2318,4.2486,4.2486,0.0000,-0.7017
7.7000,accel,71.9503,0.0000,0.0000,74.3283,20.6201,0.0000,0.0000,1.0000,0.0000,0.0000,2,4319.7142,3330.7808,3330.7808,3536.0215,3536.0215,-0.0004,-0.0004,0.0457,0.0457,0.0000,0.0000,0.0000,0.0000,-73.0232,-73.0232,2411.6024,2411.6024,0.0000,0.0000,0.0000,0.0000,0.0000,-15.8378,-15.8378,16.1455,16.1455,-3.1100,-3.1100,1.1975,1.1975,0.0000,-0.7048
7.8000,accel,74.0325,0.0000,0.0000,75.4942,20.9436,0.0000,0.0000,1.0000,0.0000,0.0000,2,4388.7386,3332.4216,3332.4216,3534.4759,3534.4759,0.0000,0.0000,0.0460,0.0460,0.0000,0.0000,0.0000,0.0000,-49.9714,-49.9714,2419.6909,2419.6909,0.0000,0.0000,0.0000,0.0000,0.0000,-15.9873,-15.9873,16.1452,16.1452,-1.5734,-1.5734,0.5821,0.5821,0.0000,-0.7081
7.9000,accel,76.1472,0.0000,0.0000,76.6645,21.2686,0.0000,0.0000,1.0000,0.0000,0.0000,2,4458.3272,3331.0954,3331.0954,3535.8582,3535.8582,0.0001,0.0001,0.0463,0.0463,0.0000,0.0000,0.0000,0.0000,-45.4973,-45.4973,2431.3604,2431.3604,0.0000,0.0000,0.0000,0.0000,0.0000,-16.1047,-16.1047,16.1921,16.1921,-1.1137,-1.1137,0.6664,0.6664,0.0000,-0.7117
8.0000,brake,78.2944,0.0000,0.0000,77.8389,21.5947,0.0000,0.0000,0.0000,0.0000,0.0000,2,4527.5086,3329.8475,3329.8475,3537.1249,3537.1249,0.0001,0.0001,0.0465,0.0465,0.0000,0.0000,0.0000,0.0000,-44.9845,-44.9845,2437.8995,2437.8995,0.0000,0.0000,0.0000,0.0000,0.0000,-16.2026,-16.2026,16.2589,16.2589,-0.7709,-0.7709,0.5049,0.5049,0.0000,-0.7153
8.1000,brake,80.4557,0.0000,0.0000,77.6490,21.5828,0.0000,0.0000,0.0000,0.2000,0.0000,2,4283.6009,3824.1551,3824.1551,3043.7080,3043.7080,-0.0072,-0.0072,-0.0072,-0.0072,0.0000,0.0000,0.0000,0.0000,-580.1139,-580.1139,-458.8659,-458.8659,0.0000,0.0000,0.0000,0.0000,0.0000,-5.2677,-5.2677,7.5734,7.5734,87.2954,87.2954,-78.5763,-78.5763,0.0000,-0.2830
8.2000,brake,82.6033,0.0000,0.0000,76.9440,21.3992,0.0000,0.0000,0.0000,0.4000,0.0000,2,4208.3749,3944.1213,3944.1213,2922.1817,2922.1817,-0.0150,-0.0150,-0.0163,-0.0163,0.0000,0.0000,0.0000,0.0000,-1149.8659,-1149.8659,-917.6520,-917.6520,0.0000,0.0000,0.0000,0.0000,0.0000,3.3722,3.3722,-0.5260,-0.5260,48.8821,48.8821,-55.4449,-55.4449,0.0000,0.0859
8.3000,brake,84.7248,0.0000,0.0000,75.8301,21.0976,0.0000,0.0000,0.0000,0.5000,0.0000,2,4118.3201,4028.7915,4028.7915,2836.6466,2836.6466,-0.0196,-0.0196,-0.0235,-0.0235,0.0000,0.0000,0.0000,0.0000,-1493.4711,-1493.4711,-1230.1907,-1230.1907,0.0000,0.0000,0.0000,0.0000,0.0000,10.0147,10.0147,-7.3131,-7.3131,16.3257,16.3257,-31.4046,-31.4046,0.0000,0.3818
8.4000,brake,86.8136,0.0000,0.0000,74.6374,20.7686,0.0000,0.0000,0.0000,0.5000,0.0000,2,4051.6214,3993.8875,3993.8875,2871.8099,2871.8099,-0.0222,-0.0222,-0.0241,-0.0241,0.0000,0.0000,0.0000,0.0000,-1649.3736,-1649.3736,-1271.9357,-1271.9357,0.0000,0.0000,0.0000,0.0000,0.0000,13.1933,13.1933,-11.1451,-11.1451,-21.0158,-21.0158,8.4192,8.4192,0.0000,0.5363
8.5000,brake,88.8694,0.0000,0.0000,73.4432,20.4414,0.0000,0.0000,0.0000,0.5000,0.0000,2,3982.1464,3926.1167,3926.1167,2940.8345,2940.8345,-0.0276,-0.0276,-0.0255,-0.0255,0.0000,0.0000,0.0000,0.0000,-1942.3523,-1942.3523,-1364.3960,-1364.3960,0.0000,0.0000,0.0000,0.0000,0.0000,14.6559,14.6559,-12.5977,-12.5977,-50.8258,-50.8258,50.5552,50.5552,0.0000,0.6006
8.6000,brake,90.8924,0.0000,0.0000,72.2527,20.1146,0.0000,0.0000,0.0000,0.5000,0.0000,2,3912.6370,3865.6452,3865.6452,3001.7539,3001.7539,-0.0326,-0.0326,-0.0270,-0.0270,0.0000,0.0000,0.0000,0.0000,-2177.2066,-2177.2066,-1457.2959,-1457.2959,0.0000,0.0000,0.0000,0.0000,0.0000,15.4807,15.4807,-12.9233,-12.9233,-73.9951,-73.9951,78.1789,78.1789,0.0000,0.6259
8.7000,brake,92.8824,0.0000,0.0000,71.0661,19.7874,0.0000,0.0000,0.0000,0.5000,0.0000,2,3844.7953,3828.0181,3828.0181,3039.4065,3039.4065,-0.0359,-0.0359,-0.0280,-0.0280,0.0000,0.0000,0.0000,0.0000,-2318.6670,-2318.6670,-1522.3709,-1522.3709,0.0000,0.0000,0.0000,0.0000,0.0000,15.9818,15.9818,-12.8808,-12.8808,-88.3248,-88.3248,92.8143,92.8143,0.0000,0.6360
8.8000,brake,94.8397,0.0000,0.0000,69.8820,19.4605,0.0000,0.0000,0.0000,0.5000,0.0000,2,3777.4310,3797.2350,3797.2350,3070.1511,3070.1511,-0.0389,-0.0389,-0.0290,-0.0290,0.0000,0.0000,0.0000,0.0000,-2431.6364,-2431.6364,-1580.9022,-1580.9022,0.0000,0.0000,0.0000,0.0000,0.0000,16.2945,16.2945,-12.7208,-12.7208,-99.3538,-99.3538,103.5129,103.5129,0.0000,0.6394
8.9000,brake,96.7642,0.0000,0.0000,68.6999,19.1340,0.0000,0.0000,0.0000,0.5000,0.0000,2,3710.1872,3769.5899,3769.5899,3097.7553,3097.7553,-0.0416,-0.0416,-0.0300,-0.0300,0.0000,0.0000,0.0000,0.0000,-2528.4724,-2528.4724,-1638.7344,-1638.7344,0.0000,0.0000,0.0000,0.0000,0.0000,16.5124,16.5124,-12.5261,-12.5261,-108.8087,-108.8087,112.6067,112.6067,0.0000,0.6399
9.0000,brake,98.6560,0.0000,0.0000,67.5199,18.8078,0.0000,0.0000,0.0000,0.5000,0.0000,2,3642.9588,3743.9977,3743.9977,3123.3132,3123.3132,-0.0443,-0.0443,-0.0311,-0.0311,0.0000,0.0000,0.0000,0.0000,-2613.1713,-2613.1713,-1697.5581,-1697.5581,0.0000,0.0000,0.0000,0.0000,0.0000,16.6821,16.6821,-12.3262,-12.3262,-117.3328,-117.3328,120.8312,120.8312,0.0000,0.6393
9.1000,brake,100.5151,0.0000,0.0000,66.3416,18.4821,0.0000,0.0000,0.0000,0.5000,0.0000,2,3575.6751,3719.8281,3719.8281,3147.4559,3147.4559,-0.0469,-0.0469,-0.0322,-0.0322,0.0000,0.0000,0.0000,0.0000,-2688.0272,-2688.0272,-1758.4561,-1758.4561,0.0000,0.0000,0.0000,0.0000,0.0000,16.8260,16.8260,-12.1309,-12.1309,-125.2661,-125.2661,128.5355,128.5355,0.0000,0.6381
9.2000,brake,102.3416,0.0000,0.0000,65.1652,18.1569,0.0000,0.0000,0.0000,0.5000,0.0000,2,3508.2804,3696.6572,3696.6572,3170.6064,3170.6064,-0.0494,-0.0494,-0.0335,-0.0335,0.0000,0.0000,0.0000,0.0000,-2754.5425,-2754.5425,-1822.2292,-1822.2292,0.0000,0.0000,0.0000,0.0000,0.0000,16.9552,16.9552,-11.9423,-11.9423,-132.8092,-132.8092,135.9097,135.9097,0.0000,0.6368
9.3000,brake,104.1355,0.0000,0.0000,63.9905,17.8320,0.0000,0.0000,0.0000,0.5000,0.0000,2,3440.7297,3674.1803,3674.1803,3193.0678,3193.0678,-0.0518,-0.0518,-0.0348,-0.0348,0.0000,0.0000,0.0000,0.0000,-2813.7896,-2813.7896,-1889.4714,-1889.4714,0.0000,0.0000,0.0000,0.0000,0.0000,17.0755,17.0755,-11.7599,-11.7599,-140.0908,-140.0908,143.0698,143.0698,0.0000,0.6354
9.4000,brake,105.8969,0.0000,0.0000,62.8174,17.5076,0.0000,0.0000,0.0000,0.5000,0.0000,2,3372.9889,3652.1774,3652.1774,3215.0590,3215.0590,-0.0543,-0.0543,-0.0363,-0.0363,0.0000,0.0000,0.0000,0.0000,-2866.5913,-2866.5913,-1960.5637,-1960.5637,0.0000,0.0000,0.0000,0.0000,0.0000,17.1903,17.1903,-11.5823,-11.5823,-147.1971,-147.1971,150.0905,150.0905,0.0000,0.6341
9.5000,brake,107.6258,0.0000,0.0000,61.6460,17.1836,0.0000,0.0000,0.0000,0.5000,0.0000,2,3305.0379,3630.4998,3630.4998,3236.7276,3236.7276,-0.0567,-0.0567,-0.0379,-0.0379,0.0000,0.0000,0.0000,0.0000,-2913.6272,-2913.6272,-2035.6318,-2035.6318,0.0000,0.0000,0.0000,0.0000,0.0000,17.3015,17.3015,-11.4083,-11.4083,-154.1847,-154.1847,157.0184,157.0184,0.0000,0.6327
9.6000,brake,109.3223,0.0000,0.0000,60.4761,16.8601,0.0000,0.0000,0.0000,0.5000,0.0000,2,3236.8739,3609.0662,3609.0662,3258.1538,3258.1538,-0.0591,-0.0591,-0.0396,-0.0396,0.0000,0.0000,0.0000,0.0000,-2955.4999,-2955.4999,-2114.4980,-2114.4980,0.0000,0.0000,0.0000,0.0000,0.0000,17.4102,17.4102,-11.2370,-11.2370,-161.0855,-161.0855,163.8759,163.8759,0.0000,0.6313
9.7000,brake,110.9863,0.0000,0.0000,59.3079,16.5369,0.0000,0.0000,0.0000,0.5000,0.0000,2,3168.5147,3587.8607,3587.8607,3279.3529,3279.3529,-0.0615,-0.0615,-0.0416,-0.0416,0.0000,0.0000,0.0000,0.0000,-2992.7757,-2992.7757,-2196.6558,-2196.6558,0.0000,0.0000,0.0000,0.0000,0.0000,17.5173,17.5173,-11.0679,-11.0679,-167.9088,-167.9088,170.6640,170.6640,0.0000,0.6299
9.8000,brake,112.6180,0.0000,0.0000,58.1411,16.2142,0.0000,0.0000,0.0000,0.5000,0.0000,2,3100.0236,3566.9654,3566.9654,3300.2414,3300.2414,-0.0639,-0.0639,-0.0436,-0.0436,0.0000,0.0000,0.0000,0.0000,-3026.0546,-3026.0546,-2280.9944,-2280.9944,0.0000,0.0000,0.0000,0.0000,0.0000,17.6229,17.6229,-10.9009,-10.9009,-174.6335,-174.6335,177.3500,177.3500,0.0000,0.6286
9.9000,brake,114.2174,0.0000,0.0000,56.9759,15.8919,0.0000,0.0000,0.0000,0.5000,0.0000,2,3031.4816,3546.5088,3546.5088,3320.6902,3320.6902,-0.0663,-0.0663,-0.0458,-0.0458,0.0000,0.0000,0.0000,0.0000,-3055.9299,-3055.9299,-2366.1993,-2366.1993,0.0000,0.0000,0.0000,0.0000,0.0000,17.7269,17.7269,-10.7368,-10.7368,-181.2214,-181.2214,183.8883,183.8883,0.0000,0.6273
10.0000,corner,115.7845,0.0000,0.0000,55.8122,15.5699,0.0000,0.0000,0.3500,0.0000,0.0000,2,2962.9434,3526.5784,3526.5784,3340.6118,3340.6118,-0.0688,-0.0688,-0.0481,-0.0481,0.0000,0.0000,0.0000,0.0000,-3082.8540,-3082.8540,-2451.2942,-2451.2942,0.0000,0.0000,0.0000,0.0000,0.0000,17.8289,17.8289,-10.5762,-10.5762,-187.6440,-187.6440,190.2506,190.2506,0.0000,0.6260
10.1000,corner,117.3402,0.0001,0.0037,56.1383,15.5995,0.0020,0.1094,0.3500,0.0000,0.1000,2,3259.5764,3400.6878,3409.2767,3458.4911,3465.4430,-0.0545,-0.0547,0.0432,0.0434,-0.0775,-0.0775,-0.0010,-0.0010,-2675.2030,-2688.0342,2272.0134,2282.6832,50.9397,51.0321,0.3667,0.3674,0.0069,7.4124,7.4983,-1.5760,-1.4962,-149.6597,-146.9183,147.0551,149.7283,0.0031,0.1981
10.2000,corner,118.9055,0.0010,0.0327,56.4846,15.6960,0.0063,0.4704,0.3500,0.0000,0.2000,2,3276.2145,3394.9994,3414.8650,3449.7138,3474.2255,-0.0537,-0.0544,0.0418,0.0427,-0.1361,-0.1361,-0.0166,-0.0166,-2650.7110,-2683.5496,2215.9739,2264.9895,102.5350,103.1258,9.2566,9.3146,0.0150,0.6056,1.4157,2.8071,3.4542,-107.3913,-97.1485,96.6807,106.7706,0.0269,-0.0467
10.3000,corner,120.4804,0.0037,0.1057,56.8315,15.7926,0.0081,0.9637,0.3500,0.0000,0.3000,2,3292.8731,3401.7396,3404.3585,3445.7589,3482.0884,-0.0534,-0.0535,0.0405,0.0420,-0.1942,-0.1944,-0.0535,-0.0534,-2647.7572,-2652.4980,2164.6532,2243.7691,150.4005,150.8622,34.2127,34.5343,0.0250,-3.0720,-0.6247,4.2204,6.0521,-90.5309,-74.2412,74.1808,90.7218,0.0791,-0.1539
10.4000,corner,122.0650,0.0091,0.2311,57.1788,15.8892,0.0071,1.5119,0.3500,0.0000,0.4000,2,3309.6731,3419.6942,3381.6129,3446.5489,3486.1383,-0.0534,-0.0521,0.0394,0.0411,-0.2590,-0.2593,-0.1053,-0.1051,-2662.4109,-2597.9608,2124.5804,2213.6544,203.7732,202.4697,71.7943,72.5110,0.0375,-5.4038,-0.7126,4.2732,7.7429,-84.5396,-64.3184,64.3485,85.0533,0.1508,-0.1998
10.5000,corner,123.6592,0.0187,0.4122,57.5262,15.9859,0.0042,2.0834,0.3500,0.0000,0.5000,2,3326.5190,3445.4969,3350.6720,3450.6148,3487.2258,-0.0537,-0.0504,0.0385,0.0401,-0.3292,-0.3297,-0.1655,-0.1649,-2689.9136,-2526.6636,2092.8646,2175.2977,263.0375,257.6062,116.7443,117.7415,0.0517,-7.2276,0.0873,3.7030,9.0912,-82.7467,-60.2664,60.2858,83.3956,0.2348,-0.2196
10.6000,corner,125.2631,0.0338,0.6506,57.8737,16.0826,0.0001,2.6661,0.3500,0.0000,0.6000,2,3343.3580,3476.0846,3314.9183,3456.5358,3486.4739,-0.0541,-0.0485,0.0378,0.0390,-0.4031,-0.4039,-0.2301,-0.2291,-2725.2308,-2444.0121,2066.0354,2130.9310,326.8804,314.5671,165.7310,166.7026,0.0670,-8.8697,1.2959,2.8439,10.3170,-82.5650,-58.8273,58.8045,83.2786,0.3260,-0.2285
10.7000,corner,126.8765,0.0562,0.9471,58.2211,16.1792,-0.0048,3.2561,0.3500,0.0000,0.7000,2,3360.1581,3509.5492,3276.4133,3463.4013,3484.6473,-0.0547,-0.0464,0.0371,0.0378,-0.4795,-0.4807,-0.2973,-0.2957,-2765.0901,-2353.1430,2041.6534,2082.2810,394.3329,372.1993,217.1284,217.6734,0.0830,-10.4582,2.7001,1.8448,11.5066,-82.9904,-58.5253,58.4501,83.7428,0.4218,-0.2326
10.8000,corner,128.4994,0.0875,1.3023,58.5683,16.2758,-0.0103,3.8520,0.3500,0.0000,0.8000,2,3376.8979,3544.8852,3236.2565,3470.7066,3482.1595,-0.0552,-0.0442,0.0364,0.0365,-0.5581,-0.5596,-0.3665,-0.3642,-2807.7191,-2255.5037,2018.3030,2030.3637,464.9110,429.9040,270.2438,269.9216,0.0994,-12.0441,4.2064,0.7716,12.6945,-83.6264,-58.6981,58.5654,84.4082,0.5207,-0.2347
10.9000,corner,130.1317,0.1295,1.7168,58.9150,16.3723,-0.0164,4.4535,0.3500,0.0000,0.9000,2,3393.5625,3581.6248,3195.0001,3478.1834,3479.1953,-0.0558,-0.0419,0.0358,0.0353,-0.6386,-0.6404,-0.4374,-0.4343,-2852.2515,-2151.5071,1995.2338,1975.7043,538.4306,487.3819,324.8099,323.1597,0.1162,-13.6482,5.7743,-0.3474,13.8945,-84.3086,-59.0481,58.8532,85.1153,0.6222,-0.2360
11.0000,corner,131.7733,0.1838,2.1911,59.2611,16.4685,-0.0231,5.0605,0.3500,0.0000,1.0000,2,3410.1399,3619.5856,3152.9244,3485.6794,3475.8088,-0.0564,-0.0395,0.0351,0.0340,-0.7209,-0.7231,-0.5099,-0.5058,-2898.2932,-2040.9620,1972.0558,1918.5645,614.8578,544.4634,380.7326,377.2773,0.1334,-15.2788,7.3861,-1.4999,15.1120,-84.9597,-59.4379,59.1740,85.7881,0.7259,-0.2369
11.1000,corner,133.4240,0.2524,2.7255,59.6065,16.5646,-0.0303,5.6728,0.3500,0.0000,1.1000,2,3426.6198,3658.7312,3110.1900,3493.0892,3471.9813,-0.0570,-0.0370,0.0345,0.0327,-0.8051,-0.8077,-0.5840,-0.5788,-2945.6772,-1923.2995,1948.5463,1859.1012,694.2251,601.0264,437.9818,432.2259,0.1509,-16.9397,9.0341,-2.6810,16.3491,-85.5339,-59.7968,59.4553,86.3798,0.8318,-0.2377
11.2000,corner,135.0835,0.3370,3.3208,59.9509,16.6603,-0.0381,6.2904,0.3500,0.0000,1.2000,2,3442.9936,3699.1033,3066.9152,3500.3174,3467.6476,-0.0577,-0.0344,0.0339,0.0315,-0.8912,-0.8942,-0.6598,-0.6533,-2994.3403,-1797.6678,1924.5408,1797.4695,776.5931,656.9639,496.5477,487.9751,0.1688,-18.6325,10.7147,-3.8888,17.6062,-85.9933,-60.0800,59.6492,86.8510,0.9397,-0.2384
11.3000,corner,136.7516,0.4397,3.9772,60.2941,16.7557,-0.0465,6.9133,0.3500,0.0000,1.3000,2,3459.2540,3740.7938,3023.2149,3507.2581,3462.7061,-0.0583,-0.0316,0.0332,0.0302,-0.9793,-0.9827,-0.7373,-0.7293,-3044.2671,-1662.9522,1899.8707,1733.8939,862.0323,712.1719,556.4237,544.4962,0.1871,-20.3580,12.4262,-5.1228,18.8828,-86.2983,-60.2490,59.7139,87.1596,1.0496,-0.2390
11.4000,corner,138.4278,0.5623,4.6953,60.6360,16.8507,-0.0556,7.5415,0.3500,0.0000,1.4000,2,3475.3960,3783.9356,2979.2200,3513.7835,3457.0204,-0.0589,-0.0286,0.0326,0.0289,-1.0694,-1.0732,-0.8164,-0.8069,-3095.4646,-1517.7662,1874.3237,1668.7252,950.6174,766.5466,617.5999,601.7565,0.2057,-22.1167,14.1671,-6.3831,20.1780,-86.4017,-60.2626,59.6045,87.2562,1.1615,-0.2396
11.5000,corner,140.1118,0.7067,5.4755,60.9762,16.9452,-0.0653,8.1748,0.3500,0.0000,1.5000,2,3491.4163,3828.6982,2935.0859,3519.7388,3450.4196,-0.0596,-0.0255,0.0319,0.0276,-1.1616,-1.1657,-0.8973,-0.8860,-3147.9510,-1360.4664,1847.6155,1602.4875,1042.4238,819.9845,680.0607,659.7173,0.2246,-23.9088,15.9362,-7.6703,21.4904,-86.2471,-60.0736,59.2688,87.0812,1.2754,-0.2401
11.6000,corner,141.8031,0.8749,6.3146,61.3154,17.0392,-0.0776,8.7043,0.3500,0.0000,1.5000,2,3507.3830,3879.7963,2886.8326,3528.6379,3438.6510,-0.0603,-0.0220,0.0314,0.0263,-1.1771,-1.1814,-0.9786,-0.9655,-3208.1609,-1181.8394,1824.5080,1531.7608,1081.3256,827.9076,743.8217,717.3205,0.2370,-25.6806,17.6793,-8.9445,22.7761,-84.2728,-61.0297,60.0680,85.0194,1.3877,-0.2406
11.7000,corner,143.5012,1.0682,7.1913,61.6542,17.1330,-0.0924,8.9890,0.3500,0.0000,1.5000,2,3523.4485,3934.4107,2839.1519,3541.2499,3419.0646,-0.0610,-0.0180,0.0311,0.0248,-1.2095,-1.2135,-1.0463,-1.0319,-3271.2199,-978.1530,1817.7506,1445.6278,1121.1202,833.3022,801.2317,765.3984,0.2483,-27.1269,19.0862,-9.9840,23.8035,-79.1883,-63.8515,62.7090,79.7100,1.4786,-0.2409
11.8000,corner,145.2056,1.2877,8.0873,61.9924,17.2266,-0.1045,9.1390,0.3500,0.0000,1.5000,2,3539.5609,3977.3228,2804.3933,3550.5997,3401.5374,-0.0614,-0.0144,0.0308,0.0234,-1.2425,-1.2461,-1.0927,-1.0776,-3315.0088,-789.3029,1807.8016,1363.9922,1162.5172,843.6746,842.8156,798.3687,0.2578,-28.1485,20.0524,-10.7158,24.5051,-74.2543,-66.0602,64.8081,74.6416,1.5418,-0.2411
11.9000,corner,146.9157,1.5345,8.9935,62.3302,17.3201,-0.1136,9.2279,0.3500,0.0000,1.5000,2,3555.7816,4006.9703,2781.5824,3556.2312,3389.0706,-0.0613,-0.0114,0.0302,0.0223,-1.2689,-1.2721,-1.1229,-1.1073,-3338.8094,-633.1155,1784.5775,1300.2087,1195.4141,853.3845,870.3384,819.7133,0.2647,-28.8487,20.6889,-11.2120,24.9684,-70.6194,-67.2871,66.0239,71.0208,1.5843,-0.2415
12.0000,corner,148.6310,1.8091,9.9061,62.6676,17.4136,-0.1204,9.2905,0.3500,0.0000,1.5000,2,3572.1474,4026.6716,2766.3109,3559.6733,3381.2183,-0.0611,-0.0090,0.0295,0.0215,-1.2897,-1.2926,-1.1435,-1.1276,-3348.6494,-510.6444,1749.5284,1254.0340,1220.3080,861.6685,888.8616,834.2114,0.2697,-29.3480,21.1260,-11.5587,25.2914,-68.2885,-67.9078,66.7053,68.8128,1.6140,-0.2419
12.1000,corner,150.3510,2.1122,10.8235,63.0048,17.5072,-0.1260,9.3418,0.3500,0.0000,1.5000,2,3588.6621,4039.8201,2754.8722,3562.3477,3376.8632,-0.0607,-0.0072,0.0286,0.0209,-1.3069,-1.3095,-1.1591,-1.1430,-3350.0995,-417.5265,1706.7836,1220.9898,1239.9538,868.9192,902.4425,845.1795,0.2736,-29.7330,21.4570,-11.8181,25.5429,-66.9973,-68.3247,67.2217,67.7019,1.6366,-0.2424
12.2000,corner,152.0752,2.4442,11.7451,63.3420,17.6009,-0.1311,9.3883,0.3500,0.0000,1.5000,2,3605.3196,4048.8657,2744.9850,3565.0969,3374.9871,-0.0603,-0.0059,0.0277,0.0205,-1.3221,-1.3245,-1.1722,-1.1560,-3346.8937,-348.2051,1659.8207,1196.8993,1256.6409,875.5617,913.5643,854.4885,0.2770,-30.0557,21.7373,-12.0280,25.7634,-66.4738,-68.7858,67.7934,67.3742,1.6557,-0.2430
12.3000,corner,153.8031,2.8055,12.6707,63.6792,17.6946,-0.1359,9.4326,0.3500,0.0000,1.5000,2,3622.1121,4055.4100,2735.4999,3568.2608,3374.7927,-0.0598,-0.0049,0.0267,0.0201,-1.3363,-1.3386,-1.1843,-1.1679,-3341.2215,-297.1805,1610.9394,1178.8181,1271.8111,881.8719,923.5623,863.0852,0.2800,-30.3452,21.9967,-12.2102,25.9736,-66.4916,-69.3932,68.5013,67.5743,1.6731,-0.2436
12.4000,corner,155.5342,3.1963,13.6001,64.0164,17.7883,-0.1405,9.4757,0.3500,0.0000,1.5000,2,3639.0367,4060.4832,2725.9696,3571.8617,3375.6719,-0.0594,-0.0042,0.0257,0.0199,-1.3501,-1.3521,-1.1960,-1.1795,-3334.2741,-259.5222,1561.7064,1164.7996,1286.2674,888.0051,933.0951,871.4110,0.2829,-30.6169,22.2493,-12.3769,26.1828,-66.8697,-70.1528,69.3377,68.1045,1.6898,-0.2443
12.5000,corner,157.2679,3.6171,14.5335,64.3536,17.8821,-0.1452,9.5181,0.3500,0.0000,1.5000,2,3656.0969,4064.7539,2716.3135,3575.7682,3377.1670,-0.0590,-0.0037,0.0248,0.0197,-1.3636,-1.3655,-1.2076,-1.1910,-3326.6648,-231.2227,1513.3683,1153.5236,1300.4261,894.0434,942.4649,879.6565,0.2857,-30.8791,22.5013,-12.5351,26.3942,-67.4658,-71.0220,70.2544,68.8163,1.7061,-0.2450
12.6000,corner,159.0036,4.0681,15.4706,64.6909,17.9760,-0.1499,9.5600,0.3500,0.0000,1.5000,2,3673.2924,4068.6340,2706.5786,3579.8319,3378.9679,-0.0586,-0.0033,0.0239,0.0195,-1.3771,-1.3788,-1.2192,-1.2024,-3318.6968,-209.3484,1466.7327,1144.1177,1314.4918,900.0282,951.8004,887.8961,0.2885,-31.1367,22.7547,-12.6890,26.6082,-68.1796,-71.9512,71.2038,69.6117,1.7224,-0.2457
12.7000,corner,160.7409,4.5497,16.4117,65.0283,18.0698,-0.1547,9.6014,0.3500,0.0000,1.5000,2,3690.6253,4072.3793,2696.8529,3583.9189,3380.8658,-0.0582,-0.0030,0.0231,0.0193,-1.3907,-1.3922,-1.2309,-1.2140,-3310.5153,-191.9117,1422.4487,1136.0077,1328.5607,905.9801,961.1503,896.1536,0.2913,-31.3920,23.0095,-12.8411,26.8242,-68.9408,-72.8950,72.1451,70.4263,1.7386,-0.2464
12.8000,corner,162.4791,5.0620,17.3565,65.3658,18.1637,-0.1595,9.6422,0.3500,0.0000,1.5000,2,3708.0990,4076.1518,2687.2260,3587.9202,3382.7194,-0.0578,-0.0027,0.0223,0.0192,-1.4042,-1.4055,-1.2426,-1.2255,-3302.1877,-177.6114,1381.0693,1128.8045,1342.6762,911.9099,970.5292,904.4333,0.2941,-31.6468,23.2655,-12.9932,27.0412,-69.7010,-73.8160,73.0462,71.2175,1.7549,-0.2471
12.9000,corner,164.2177,5.6054,18.3052,65.7033,18.2576,-0.1643,9.6826,0.3500,0.0000,1.5000,2,3725.7161,4080.0545,2677.7723,3591.7541,3384.4340,-0.0574,-0.0025,0.0217,0.0191,-1.4177,-1.4189,-1.2544,-1.2372,-3293.7440,-165.5956,1343.0192,1122.2421,1356.8570,917.8234,979.9384,912.7321,0.2969,-31.9020,23.5221,-13.1462,27.2585,-70.4271,-74.6856,73.8834,71.9574,1.7712,-0.2478
13.0000,corner,165.9560,6.1802,19.2577,66.0410,18.3515,-0.1693,9.7225,0.3500,0.0000,1.5000,2,3743.4758,4084.1500,2668.5443,3595.3659,3385.9500,-0.0569,-0.0023,0.0210,0.0189,-1.4313,-1.4323,-1.2663,-1.2489,-3285.1964,-155.2949,1308.5491,1116.1425,1371.1107,923.7237,989.3748,921.0456,0.2997,-32.1582,23.7787,-13.3009,27.4753,-71.0974,-75.4845,74.6416,72.6290,1.7875,-0.2485
13.1000,corner,167.6936,6.7865,20.2140,66.3788,18.4454,-0.1742,9.7618,0.3500,0.0000,1.5000,2,3761.3736,4088.4713,2659.5712,3598.7261,3387.2355,-0.0565,-0.0021,0.0205,0.0188,-1.4449,-1.4457,-1.2782,-1.2607,-3276.5490,-146.3194,1277.7155,1110.3940,1385.4398,929.6123,998.8346,929.3696,0.3025,-32.4158,24.0349,-13.4577,27.6913,-71.6998,-76.2016,75.3134,73.2240,1.8039,-0.2492
13.2000,corner,169.4297,7.4246,21.1740,66.7166,18.5393,-0.1793,9.8007,0.3500,0.0000,1.5000,2,3779.4009,4093.0293,2650.8613,3601.8265,3388.2806,-0.0561,-0.0020,0.0200,0.0187,-1.4586,-1.4591,-1.2902,-1.2726,-3267.8018,-138.3955,1250.3986,1104.9335,1399.8444,935.4891,1008.3146,937.7010,0.3053,-32.6750,24.2905,-13.6168,27.9060,-72.2294,-76.8329,75.8980,73.7410,1.8203,-0.2498
13.3000,corner,171.1638,8.0949,22.1378,67.0545,18.6332,-0.1844,9.8391,0.3500,0.0000,1.5000,2,3797.5467,4097.8192,2642.4070,3604.6744,3389.0904,-0.0557,-0.0018,0.0196,0.0186,-1.4723,-1.4726,-1.3023,-1.2845,-3258.9533,-131.3263,1226.3482,1099.7307,1414.3234,941.3535,1017.8127,946.0378,0.3081,-32.9358,24.5454,-13.7783,28.1195,-72.6866,-77.3799,76.3992,74.1827,1.8368,-0.2505
13.4000,corner,172.8952,8.7974,23.1053,67.3925,18.7272,-0.1895,9.8770,0.3500,0.0000,1.5000,2,3815.7984,4102.8273,2634.1906,3607.2867,3389.6798,-0.0552,-0.0017,0.0192,0.0185,-1.4860,-1.4862,-1.3144,-1.2964,-3250.0011,-124.9668,1205.2402,1094.7748,1428.8755,947.2041,1027.3276,954.3789,0.3109,-33.1983,24.7994,-13.9420,28.3316,-73.0751,-77.8477,76.8235,74.5550,1.8533,-0.2511
13.5000,corner,174.6232,9.5323,24.0766,67.7305,18.8211,-0.1947,9.9146,0.3500,0.0000,1.5000,2,3834.1436,4108.0350,2626.1897,3609.6853,3390.0684,-0.0548,-0.0016,0.0189,0.0185,-1.4997,-1.4997,-1.3265,-1.3085,-3240.9429,-119.2068,1186.7262,1090.0640,1443.4991,953.0392,1036.8585,962.7238,0.3138,-33.4625,25.0527,-14.1080,28.5426,-73.4005,-78.2429,77.1788,74.8646,1.8698,-0.2517
13.6000,corner,176.3473,10.3000,25.0515,68.0686,18.9150,-0.2000,9.9517,0.3500,0.0000,1.5000,2,3852.5705,4113.4227,2618.3803,3611.8929,3390.2770,-0.0544,-0.0015,0.0186,0.0184,-1.5135,-1.5133,-1.3387,-1.3205,-3231.7764,-113.9602,1170.4681,1085.5992,1458.1930,958.8570,1046.4053,971.0724,0.3166,-33.7281,25.3053,-14.2759,28.7524,-73.6691,-78.5731,77.4727,75.1184,1.8864,-0.2523
13.7000,corner,178.0668,11.1005,26.0300,68.4068,19.0089,-0.2053,9.9885,0.3500,0.0000,1.5000,2,3871.0684,4118.9714,2610.7394,3613.9316,3390.3256,-0.0539,-0.0014,0.0184,0.0183,-1.5273,-1.5269,-1.3509,-1.3326,-3222.4998,-109.1583,1156.1575,1081.3806,1472.9558,964.6560,1055.9679,979.4246,0.3194,-33.9952,25.5573,-14.4457,28.9612,-73.8869,-78.8454,77.7125,75.3228,1.9029,-0.2529
13.8000,corner,179.7809,11.9340,27.0122,68.7449,19.1029,-0.2107,10.0250,0.3500,0.0000,1.5000,2,3889.6279,4124.6638,2603.2463,3615.8212,3390.2323,-0.0535,-0.0013,0.0181,0.0182,-1.5412,-1.5406,-1.3632,-1.3447,-3213.1109,-104.7449,1143.5234,1077.4059,1487.7864,970.4344,1065.5463,987.7807,0.3222,-34.2635,25.8088,-14.6171,29.1692,-74.0597,-79.0665,77.9047,75.4838,1.9196,-0.2535
13.9000,corner,181.4891,12.8008,27.9980,69.0831,19.1968,-0.2161,10.0611,0.3500,0.0000,1.5000,2,3908.2411,4130.4847,2595.8828,3617.5790,3390.0132,-0.0531,-0.0013,0.0180,0.0182,-1.5551,-1.5543,-1.3755,-1.3569,-3203.6081,-100.6736,1132.3327,1073.6706,1502.6836,976.1909,1075.1405,996.1407,0.3251,-34.5331,26.0599,-14.7900,29.3764,-74.1926,-79.2425,78.0548,75.6062,1.9362,-0.2541
14.0000,corner,183.1905,13.7008,28.9874,69.4213,19.2907,-0.2216,10.0969,0.3500,0.0000,1.5000,2,3926.9007,4136.4207,2588.6331,3619.2203,3389.6823,-0.0526,-0.0012,0.0178,0.0181,-1.5690,-1.5681,-1.3879,-1.3691,-3193.9895,-96.9052,1122.3878,1070.1679,1517.6465,981.9240,1084.7506,1004.5046,0.3279,-34.8037,26.3106,-14.9643,29.5830,-74.2899,-79.3783,78.1676,75.6943,1.9529,-0.2547
14.1000,corner,184.8846,14.6343,29.9804,69.7595,19.3846,-0.2271,10.1325,0.3500,0.0000,1.5000,2,3945.6010,4142.4602,2581.4839,3620.7578,3389.2515,-0.0522,-0.0011,0.0176,0.0181,-1.5830,-1.5818,-1.4003,-1.3814,-3184.2536,-93.4066,1113.5214,1066.8896,1532.6740,987.6326,1094.3764,1012.8724,0.3308,-35.0754,26.5611,-15.1398,29.7891,-74.3556,-79.4785,78.2472,75.7520,1.9696,-0.2552
14.2000,corner,186.5705,15.6014,30.9769,70.0977,19.4785,-0.2327,10.1677,0.3500,0.0000,1.5000,2,3964.3367,4148.5933,2574.4237,3622.2027,3388.7310,-0.0517,-0.0011,0.0175,0.0180,-1.5970,-1.5957,-1.4127,-1.3936,-3174.3985,-90.1492,1105.5928,1063.8264,1547.7650,993.3154,1104.0176,1021.2440,0.3336,-35.3479,26.8114,-15.3164,29.9947,-74.3929,-79.5469,78.2971,75.7822,1.9863,-0.2558
14.3000,corner,188.2477,16.6021,31.9770,70.4359,19.5724,-0.2384,10.2026,0.3500,0.0000,1.5000,2,3983.1033,4154.8113,2567.4430,3623.5643,3388.1298,-0.0513,-0.0010,0.0174,0.0180,-1.6110,-1.6095,-1.4252,-1.4060,-3164.4226,-87.1087,1098.4831,1060.9684,1562.9185,998.9715,1113.6741,1029.6190,0.3365,-35.6214,27.0615,-15.4941,30.1999,-74.4047,-79.5867,78.3202,75.7876,2.0031,-0.2564
14.4000,corner,189.9153,17.6366,32.9805,70.7741,19.6662,-0.2441,10.2373,0.3500,0.0000,1.5000,2,4001.8970,4161.1067,2560.5336,3624.8507,3387.4552,-0.0509,-0.0009,0.0173,0.0179,-1.6251,-1.6234,-1.4377,-1.4183,-3154.3242,-84.2637,1092.0917,1058.3053,1578.1335,1004.5998,1123.3454,1037.9972,0.3394,-35.8956,27.3115,-15.6727,30.4047,-74.3933,-79.6007,78.3191,75.7706,2.0199,-0.2569
14.5000,corner,191.5727,18.7048,33.9876,71.1122,19.7601,-0.2498,10.2717,0.3500,0.0000,1.5000,2,4020.7771,4167.7151,2553.9397,3625.8165,3386.4691,-0.0504,-0.0009,0.0172,0.0179,-1.6392,-1.6374,-1.4502,-1.4307,-3144.1973,-81.5334,1087.5716,1056.4582,1593.4368,1010.2302,1133.0075,1046.3558,0.3422,-36.1700,27.5621,-15.8535,30.6080,-74.2960,-79.5234,78.2088,75.6488,2.0367,-0.2574
14.6000,corner,193.2191,19.8069,34.9981,71.4501,19.8538,-0.2556,10.3060,0.3500,0.0000,1.5000,2,4039.6346,4174.3869,2547.4030,3626.7205,3385.4270,-0.0500,-0.0008,0.0171,0.0179,-1.6534,-1.6513,-1.4628,-1.4431,-3133.9713,-78.9593,1083.1857,1054.2231,1608.8046,1015.8370,1142.6914,1054.7251,0.3451,-36.4450,27.8130,-16.0367,30.8096,-74.1828,-79.4258,78.0930,75.5251,2.0535,-0.2579
14.7000,corner,194.8537,20.9430,36.0121,71.7876,19.9475,-0.2615,10.3402,0.3500,0.0000,1.5000,2,4058.4058,4180.9291,2540.7155,3627.7672,3384.5264,-0.0496,-0.0008,0.0170,0.0178,-1.6676,-1.6654,-1.4754,-1.4556,-3123.6969,-76.6247,1077.6295,1051.3097,1624.2313,1021.4102,1152.4079,1063.1146,0.3480,-36.7194,28.0656,-16.2213,31.0108,-74.1189,-79.3759,78.0427,75.4679,2.0704,-0.2583
14.8000,corner,196.4757,22.1129,37.0295,72.1247,20.0411,-0.2675,10.3743,0.3500,0.0000,1.5000,2,4077.1733,4187.5266,2534.0570,3628.7729,3383.5814,-0.0492,-0.0008,0.0169,0.0178,-1.6819,-1.6794,-1.4881,-1.4682,-3113.3329,-74.4269,1072.4492,1048.5768,1639.7231,1026.9522,1162.1585,1071.5244,0.3508,-36.9935,28.3197,-16.4069,31.2118,-74.0497,-79.3197,77.9812,75.4001,2.0873,-0.2587
14.9000,corner,198.0845,23.3167,38.0504,72.4615,20.1346,-0.2734,10.4082,0.3500,0.0000,1.5000,2,4095.9373,4194.1856,2527.4328,3629.7342,3382.5845,-0.0488,-0.0007,0.0168,0.0177,-1.6961,-1.6935,-1.5008,-1.4808,-3102.8804,-72.3485,1067.6876,1045.9987,1655.2813,1032.4622,1171.9372,1079.9470,0.3537,-37.2678,28.5745,-16.5934,31.4127,-73.9681,-79.2519,77.9059,75.3171,2.1042,-0.2591
15.0000,corner,199.6792,24.5544,39.0747,72.7979,20.2279,-0.2795,10.4418,0.3500,0.0000,1.5000,2,4114.6959,4200.8989,2520.8446,3630.6532,3381.5393,-0.0483,-0.0007,0.0168,0.0177,-1.7105,-1.7077,-1.5136,-1.4934,-3092.3320,-70.3800,1063.3043,1043.5656,1670.9004,1037.9390,1181.7360,1088.3754,0.3566,-37.5425,28.8296,-16.7806,31.6134,-73.8729,-79.1714,77.8174,75.2196,2.1212,-0.2594
15.1000,corner,201.2590,25.8259,40.1025,73.1339,20.3212,-0.2856,10.4752,0.3500,0.0000,1.5000,2,4133.4473,4207.6597,2514.2941,3631.5314,3380.4497,-0.0479,-0.0006,0.0167,0.0177,-1.7248,-1.7218,-1.5264,-1.5060,-3081.6796,-68.5131,1059.2611,1041.2689,1686.5737,1043.3811,1191.5485,1096.8044,0.3595,-37.8175,29.0847,-16.9683,31.8139,-73.7644,-79.0778,77.7158,75.1083,2.1381,-0.2598
15.2000,corner,202.8233,27.1313,41.1335,73.4695,20.4143,-0.2918,10.5083,0.3500,0.0000,1.5000,2,4152.1896,4214.4623,2507.7824,3632.3700,3379.3193,-0.0475,-0.0006,0.0166,0.0176,-1.7392,-1.7361,-1.5393,-1.5187,-3070.9168,-66.7403,1055.5248,1039.1005,1702.2958,1048.7872,1201.3700,1105.2306,0.3624,-38.0927,29.3398,-17.1564,32.0142,-73.6433,-78.9713,77.6017,74.9843,2.1551,-0.2602
15.3000,corner,204.3711,28.4703,42.1680,73.8047,20.5073,-0.2980,10.5411,0.3500,0.0000,1.5000,2,4170.9215,4221.3022,2501.3095,3633.1704,3378.1510,-0.0471,-0.0006,0.0166,0.0176,-1.7537,-1.7503,-1.5521,-1.5314,-3060.0389,-65.0544,1052.0665,1037.0530,1718.0626,1054.1563,1211.1973,1113.6514,0.3653,-38.3682,29.5946,-17.3449,32.2142,-73.5103,-78.8522,77.4754,74.8484,2.1721,-0.2605
15.4000,corner,205.9016,29.8430,43.2057,74.1395,20.6002,-0.3042,10.5736,0.3500,0.0000,1.5000,2,4189.6414,4228.1759,2494.8748,3633.9343,3376.9471,-0.0467,-0.0005,0.0165,0.0176,-1.7681,-1.7646,-1.5650,-1.5441,-3049.0427,-63.4493,1048.8606,1035.1191,1733.8709,1059.4875,1221.0283,1122.0655,0.3682,-38.6438,29.8493,-17.5337,32.4138,-73.3662,-78.7210,77.3376,74.7013,2.1891,-0.2609
15.5000,corner,207.4142,31.2492,44.2468,74.4739,20.6930,-0.3105,10.6059,0.3500,0.0000,1.5000,2,4208.3482,4235.0806,2488.4775,3634.6633,3375.7099,-0.0463,-0.0005,0.0165,0.0175,-1.7826,-1.7788,-1.5778,-1.5569,-3037.9259,-61.9191,1045.8848,1033.2923,1749.7186,1064.7802,1230.8616,1130.4715,0.3711,-38.9196,30.1037,-17.7227,32.6132,-73.2114,-78.5783,77.1886,74.5437,2.2061,-0.2612
15.6000,corner,208.9079,32.6887,45.2911,74.8079,20.7857,-0.3169,10.6379,0.3500,0.0000,1.5000,2,4227.0405,4242.0140,2482.1166,3635.3588,3374.4412,-0.0459,-0.0005,0.0164,0.0175,-1.7971,-1.7932,-1.5907,-1.5696,-3026.6866,-60.4586,1043.1192,1031.5665,1765.6038,1070.0338,1240.6958,1138.8686,0.3740,-39.1955,30.3579,-17.9120,32.8123,-73.0466,-78.4247,77.0291,74.3760,2.2230,-0.2616
15.7000,corner,210.3821,34.1615,46.3387,75.1414,20.8782,-0.3233,10.6696,0.3500,0.0000,1.5000,2,4245.7172,4248.9739,2475.7913,3636.0222,3373.1425,-0.0455,-0.0005,0.0164,0.0175,-1.8116,-1.8075,-1.6036,-1.5824,-3015.3232,-59.0630,1040.5462,1029.9357,1781.5248,1075.2477,1250.5301,1147.2559,0.3769,-39.4714,30.6118,-18.1015,33.0110,-72.8722,-78.2605,76.8595,74.1989,2.2400,-0.2619
15.8000,corner,211.8357,35.6674,47.3895,75.4745,20.9706,-0.3298,10.7010,0.3500,0.0000,1.5000,2,4264.3774,4255.9585,2469.5005,3636.6548,3371.8154,-0.0451,-0.0004,0.0163,0.0175,-1.8262,-1.8218,-1.6165,-1.5951,-3003.8344,-57.7279,1038.1499,1028.3946,1797.4802,1080.4216,1260.3635,1155.6328,0.3798,-39.7473,30.8654,-18.2912,33.2095,-72.6887,-78.0863,76.6803,74.0126,2.2570,-0.2622
15.9000,corner,213.2682,37.2061,48.4435,75.8072,21.0629,-0.3363,10.7321,0.3500,0.0000,1.5000,2,4283.0200,4262.9660,2463.2437,3637.2579,3370.4610,-0.0447,-0.0004,0.0163,0.0175,-1.8407,-1.8362,-1.6295,-1.6079,-2992.2186,-56.4494,1035.9162,1026.9381,1813.4684,1085.5551,1270.1952,1163.9985,0.3827,-40.0233,31.1187,-18.4810,33.4076,-72.4965,-77.9025,76.4918,73.8175,2.2739,-0.2626
16.0000,corner,214.6786,38.7775,49.5007,76.1394,21.1551,-0.3428,10.7629,0.3500,0.0000,1.5000,2,4301.6441,4269.9949,2457.0203,3637.8323,3369.0805,-0.0443,-0.0004,0.0163,0.0174,-1.8553,-1.8506,-1.6424,-1.6207,-2980.4744,-55.2237,1033.8323,1025.5614,1829.4882,1090.6478,1280.0243,1172.3523,0.3856,-40.2992,31.3717,-18.6709,33.6054,-72.2960,-77.7094,76.2943,73.6141,2.2909,-0.2629
16.1000,corner,216.0661,40.3813,50.5610,76.4711,21.2471,-0.3494,10.7935,0.3500,0.0000,1.5000,2,4320.2489,4277.0436,2450.8298,3638.3792,3367.6750,-0.0439,-0.0004,0.0162,0.0174,-1.8699,-1.8650,-1.6554,-1.6335,-2968.6004,-54.0477,1031.8866,1024.2601,1845.5381,1095.6993,1289.8500,1180.6935,0.3885,-40.5750,31.6244,-18.8609,33.8028,-72.0873,-77.5075,76.0882,73.4025,2.3078,-0.2633
16.2000,corner,217.4300,42.0173,51.6244,76.8024,21.3390,-0.3561,10.8237,0.3500,0.0000,1.5000,2,4338.8334,4284.1107,2444.6717,3638.8991,3366.2455,-0.0435,-0.0003,0.0162,0.0174,-1.8845,-1.8795,-1.6683,-1.6463,-2956.5951,-52.9182,1030.0688,1023.0299,1861.6167,1100.7093,1299.6715,1189.0214,0.3914,-40.8508,31.8767,-19.0510,33.9999,-71.8709,-77.2969,75.8739,73.1832,2.3247,-0.2636
16.3000,corner,218.7693,43.6852,52.6909,77.1332,21.4307,-0.3628,10.8537,0.3500,0.0000,1.5000,2,4357.3969,4291.1949,2438.5459,3639.3930,3364.7927,-0.0431,-0.0003,0.0162,0.0174,-1.8992,-1.8939,-1.6813,-1.6591,-2944.4570,-51.8324,1028.3693,1021.8669,1877.7226,1105.6775,1309.4878,1197.3354,0.3942,-41.1264,32.1287,-19.2411,34.1966,-71.6470,-77.0780,75.6515,72.9562,2.3416,-0.2639
16.4000,corner,220.0834,45.3848,53.7604,77.4635,21.5223,-0.3695,10.8834,0.3500,0.0000,1.5000,2,4375.9387,4298.2950,2432.4521,3639.8615,3363.3175,-0.0427,-0.0003,0.0161,0.0174,-1.9138,-1.9084,-1.6942,-1.6720,-2932.1846,-50.7877,1026.7796,1020.7674,1893.8544,1110.6037,1319.2982,1205.6346,0.3971,-41.4019,32.3803,-19.4313,34.3929,-71.4157,-76.8510,75.4212,72.7219,2.3585,-0.2643
16.5000,corner,221.3713,47.1156,54.8330,77.7934,21.6138,-0.3763,10.9128,0.3500,0.0000,1.5000,2,4394.4580,4305.4098,2426.3902,3640.3050,3361.8206,-0.0423,-0.0003,0.0161,0.0174,-1.9285,-1.9229,-1.7072,-1.6848,-2919.7762,-49.7818,1025.2919,1019.7279,1910.0106,1115.4875,1329.1017,1213.9185,0.4000,-41.6772,32.6315,-19.6214,34.5889,-71.1774,-76.6161,75.1833,72.4805,2.3754,-0.2646
16.6000,corner,222.6324,48.8775,55.9086,78.1227,21.7052,-0.3831,10.9419,0.3500,0.0000,1.5000,2,4412.9540,4312.5382,2420.3603,3640.7241,3360.3026,-0.0420,-0.0003,0.0161,0.0174,-1.9432,-1.9374,-1.7202,-1.6976,-2907.2302,-48.8123,1023.8988,1018.7451,1926.1898,1120.3288,1338.8976,1222.1863,0.4029,-41.9523,32.8823,-19.8116,34.7844,-70.9322,-76.3735,74.9380,72.2320,2.3922,-0.2649
16.7000,corner,223.8657,50.6700,56.9871,78.4515,21.7963,-0.3900,10.9708,0.3500,0.0000,1.5000,2,4431.4263,4319.6791,2414.3622,3641.1194,3358.7642,-0.0416,-0.0003,0.0161,0.0174,-1.9579,-1.9519,-1.7332,-1.7105,-2894.5450,-47.8773,1022.5939,1017.8160,1942.3905,1125.1273,1348.6848,1230.4373,0.4058,-42.2273,33.1326,-20.0017,34.9796,-70.6802,-76.1235,74.6854,71.9768,2.4090,-0.2652
16.8000,corner,225.0704,52.4927,58.0686,78.7799,21.8874,-0.3969,10.9993,0.3500,0.0000,1.5000,2,4449.8740,4326.8314,2408.3962,3641.4910,3357.2058,-0.0412,-0.0002,0.0161,0.0174,-1.9726,-1.9664,-1.7461,-1.7233,-2881.7189,-46.9749,1021.3710,1016.9377,1958.6113,1129.8829,1358.4626,1238.6708,0.4086,-42.5019,33.3825,-20.1917,35.1743,-70.4216,-75.8661,74.4258,71.7148,2.4258,-0.2656
16.9000,corner,226.2458,54.3453,59.1530,79.1077,21.9783,-0.4039,11.0275,0.3500,0.0000,1.5000,2,4468.2966,4333.9943,2402.4623,3641.8394,3355.6280,-0.0408,-0.0002,0.0160,0.0174,-1.9873,-1.9809,-1.7591,-1.7362,-2868.7501,-46.1033,1020.2248,1016.1073,1974.8508,1134.5952,1368.2301,1246.8861,0.4115,-42.7763,33.6319,-20.3817,35.3686,-70.1566,-75.6015,74.1591,71.4464,2.4426,-0.2659
17.0000,corner,227.3911,56.2273,60.2403,79.4350,22.0691,-0.4109,11.0555,0.3500,0.0000,1.5000,2,4486.6934,4341.1668,2396.5607,3642.1649,3354.0312,-0.0404,-0.0002,0.0160,0.0173,-2.0020,-1.9955,-1.7721,-1.7490,-2855.6368,-45.2608,1019.1499,1015.3223,1991.1074,1139.2642,1377.9864,1255.0824,0.4144,-43.0504,33.8808,-20.5715,35.5625,-69.8853,-75.3299,73.8855,71.1715,2.4594,-0.2662
17.1000,corner,228.5054,58.1383,61.3305,79.7617,22.1597,-0.4179,11.0831,0.3500,0.0000,1.5000,2,4505.0743,4348.3970,2390.7410,3642.4180,3352.3664,-0.0401,-0.0002,0.0160,0.0173,-2.0167,-2.0100,-1.7851,-1.7618,-2842.4020,-44.4402,1018.3048,1014.6783,2007.3876,1143.8979,1387.7234,1263.2521,0.4172,-43.3241,34.1294,-20.7614,35.7557,-69.5946,-75.0379,73.5868,70.8720,2.4761,-0.2665
17.2000,corner,229.5880,60.0778,62.4235,80.0876,22.2500,-0.4250,11.1108,0.3500,0.0000,1.5000,2,4523.4859,4356.1011,2385.4521,3642.1484,3350.2130,-0.0397,-0.0002,0.0160,0.0174,-2.0315,-2.0246,-1.7981,-1.7747,-2829.2420,-43.5731,1018.8759,1014.4876,2023.7661,1148.5850,1397.3783,1271.3395,0.4201,-43.5957,34.3796,-20.9552,35.9448,-69.1797,-74.6097,73.1201,70.4165,2.4928,-0.2667
17.3000,corner,230.6381,62.0454,63.5194,80.4122,22.3400,-0.4322,11.1389,0.3500,0.0000,1.5000,2,4541.5922,4363.4791,2379.8552,3642.1858,3348.3963,-0.0393,-0.0002,0.0160,0.0173,-2.0462,-2.0391,-1.8112,-1.7877,-2816.2931,-42.8137,1015.9138,1011.8193,2040.1756,1153.2475,1407.0613,1279.4551,0.4229,-43.8642,34.6340,-21.1530,36.1309,-68.8880,-74.2922,72.8110,70.1310,2.5096,-0.2667
17.4000,corner,231.6548,64.0405,64.6182,80.7354,22.4297,-0.4394,11.1674,0.3500,0.0000,1.5000,2,4559.6175,4370.8676,2374.2226,3642.2335,3346.5936,-0.0390,-0.0001,0.0159,0.0173,-2.0610,-2.0537,-1.8245,-1.8008,-2803.3528,-42.0826,1012.9317,1009.2186,2056.6427,1157.8725,1416.8162,1287.6297,0.4258,-44.1305,34.8934,-21.3538,36.3159,-68.6277,-74.0017,72.5247,69.8731,2.5264,-0.2666
17.5000,corner,232.6375,66.0626,65.7200,81.0571,22.5189,-0.4467,11.1960,0.3500,0.0000,1.5000,2,4577.5652,4378.3024,2368.5531,3642.2916,3344.7705,-0.0386,-0.0001,0.0159,0.0172,-2.0759,-2.0684,-1.8378,-1.8140,-2790.4554,-41.3723,1010.0341,1006.6750,2073.1905,1162.4534,1426.6413,1295.8471,0.4287,-44.3962,35.1553,-21.5562,36.5007,-68.3725,-73.7246,72.2496,69.6180,2.5433,-0.2665
17.6000,corner,233.5853,68.1111,66.8247,81.3774,22.6077,-0.4541,11.2245,0.3500,0.0000,1.5000,2,4595.4349,4385.7729,2362.8601,3642.3589,3342.9260,-0.0383,-0.0001,0.0158,0.0172,-2.0908,-2.0831,-1.8512,-1.8272,-2777.5841,-40.6823,1007.2164,1004.1856,2089.8069,1166.9897,1436.5124,1304.0839,0.4316,-44.6618,35.4181,-21.7592,36.6854,-68.1152,-73.4549,71.9811,69.3594,2.5603,-0.2663
17.7000,corner,234.4974,70.1854,67.9323,81.6962,22.6961,-0.4614,11.2527,0.3500,0.0000,1.5000,2,4613.2259,4393.2632,2357.1644,3642.4279,3341.0625,-0.0379,-0.0001,0.0158,0.0172,-2.1057,-2.0979,-1.8646,-1.8405,-2764.7044,-40.0120,1004.4722,1001.7468,2106.4677,1171.4806,1446.4041,1312.3203,0.4345,-44.9270,35.6811,-21.9625,36.8698,-67.8532,-73.1880,71.7149,69.0953,2.5772,-0.2661
17.8000,corner,235.3732,72.2849,69.0428,82.0136,22.7841,-0.4689,11.2806,0.3500,0.0000,1.5000,2,4630.9380,4400.7601,2351.4834,3642.4912,3339.1833,-0.0376,-0.0001,0.0157,0.0171,-2.1207,-2.1126,-1.8781,-1.8538,-2751.7855,-39.3609,1001.7957,999.3551,2123.1495,1175.9247,1456.2958,1320.5418,0.4374,-45.1917,35.9436,-22.1654,37.0538,-67.5862,-72.9209,71.4483,68.8257,2.5941,-0.2659
17.9000,corner,236.2118,74.4089,70.1561,82.3295,22.8717,-0.4763,11.3083,0.3500,0.0000,1.5000,2,4648.5706,4408.2544,2345.8293,3642.5435,3337.2907,-0.0372,-0.0001,0.0157,0.0171,-2.1356,-2.1274,-1.8915,-1.8671,-2738.8052,-38.7281,999.1820,997.0077,2139.8342,1180.3207,1466.1730,1328.7383,0.4402,-45.4555,36.2053,-22.3678,37.2370,-67.3143,-72.6514,71.1792,68.5506,2.6109,-0.2658
18.0000,corner,237.0124,76.5569,71.2723,82.6440,22.9589,-0.4838,11.3356,0.3500,0.0000,1.5000,2,4666.1235,4415.7398,2340.2100,3642.5814,3335.3866,-0.0369,-0.0001,0.0157,0.0171,-2.1505,-2.1421,-1.9050,-1.8804,-2725.7490,-38.1131,996.6270,994.7020,2156.5088,1184.6672,1476.0257,1336.9031,0.4431,-45.7185,36.4659,-22.5697,37.4195,-67.0376,-72.3785,70.9065,68.2706,2.6277,-0.2656
18.1000,corner,237.7745,78.7281,72.3913,82.9570,23.0457,-0.4914,11.3625,0.3500,0.0000,1.5000,2,4683.5965,4423.2127,2334.6299,3642.6029,3333.4722,-0.0366,-0.0001,0.0156,0.0171,-2.1654,-2.1568,-1.9184,-1.8937,-2712.6083,-37.5150,994.1273,992.4361,2173.1644,1188.9634,1485.8477,1345.0317,0.4460,-45.9805,36.7255,-22.7709,37.6011,-66.7564,-72.1014,70.6297,67.9858,2.6444,-0.2654
18.2000,corner,238.4972,80.9219,73.5130,83.2686,23.1321,-0.4989,11.3892,0.3500,0.0000,1.5000,2,4700.9894,4430.6707,2329.0917,3642.6070,3331.5483,-0.0362,-0.0000,0.0156,0.0170,-2.1803,-2.1715,-1.9318,-1.9069,-2699.3779,-36.9330,991.6797,990.2082,2189.7949,1193.2085,1495.6348,1353.1214,0.4488,-46.2414,36.9838,-22.9713,37.7818,-66.4709,-71.8197,70.3484,67.6964,2.6611,-0.2652
18.3000,corner,239.1798,83.1375,74.6375,83.5787,23.2180,-0.5065,11.4155,0.3500,0.0000,1.5000,2,4718.3019,4438.1124,2323.5965,3642.5932,3329.6154,-0.0359,-0.0000,0.0155,0.0170,-2.1951,-2.1862,-1.9451,-1.9201,-2686.0551,-36.3665,989.2817,988.0165,2206.3963,1197.4023,1505.3846,1361.1705,0.4517,-46.5013,37.2409,-23.1710,37.9616,-66.1812,-71.5333,70.0626,67.4028,2.6776,-0.2650
18.4000,corner,239.8217,85.3742,75.7646,83.8873,23.3036,-0.5141,11.4415,0.3500,0.0000,1.5000,2,4735.5340,4445.5369,2318.1452,3642.5613,3327.6740,-0.0356,-0.0000,0.0155,0.0170,-2.2100,-2.2009,-1.9584,-1.9333,-2672.6383,-35.8147,986.9308,985.8596,2222.9659,1201.5447,1515.0953,1369.1778,0.4545,-46.7601,37.4967,-23.3700,38.1405,-65.8873,-71.2421,69.7721,67.1049,2.6941,-0.2648
18.5000,corner,240.4222,87.6312,76.8945,84.1945,23.3887,-0.5217,11.4672,0.3500,0.0000,1.5000,2,4752.6856,4452.9434,2312.7380,3642.5115,3325.7244,-0.0352,-0.0000,0.0155,0.0169,-2.2247,-2.2155,-1.9717,-1.9465,-2659.1266,-35.2771,984.6249,983.7362,2239.5014,1205.6357,1524.7659,1377.1425,0.4573,-47.0178,37.7512,-23.5682,38.3184,-65.5895,-70.9463,69.4770,66.8028,2.7106,-0.2646
18.6000,corner,240.9805,89.9077,78.0269,84.5003,23.4735,-0.5293,11.4925,0.3500,0.0000,1.5000,2,4769.7564,4460.3315,2307.3751,3642.4437,3323.7669,-0.0349,-0.0000,0.0154,0.0169,-2.2395,-2.2300,-1.9850,-1.9596,-2645.5192,-34.7529,982.3619,981.6449,2256.0011,1209.6755,1534.3955,1385.0642,0.4601,-47.2743,38.0045,-23.7656,38.4954,-65.2877,-70.6457,69.1774,66.4967,2.7269,-0.2644
18.7000,corner,241.4962,92.2030,79.1620,84.8046,23.5578,-0.5370,11.5176,0.3500,0.0000,1.5000,2,4786.7464,4467.7006,2302.0567,3642.3582,3321.8016,-0.0346,0.0000,0.0154,0.0169,-2.2542,-2.2446,-1.9982,-1.9727,-2631.8156,-34.2418,980.1398,979.5845,2272.4636,1213.6643,1543.9835,1392.9423,0.4629,-47.5298,38.2564,-23.9622,38.6714,-64.9820,-70.3406,68.8733,66.1866,2.7432,-0.2642
18.8000,corner,241.9684,94.5162,80.2997,85.1074,23.6418,-0.5446,11.5423,0.3500,0.0000,1.5000,2,4803.6555,4475.0503,2296.7829,3642.2550,3319.8289,-0.0343,0.0000,0.0154,0.0169,-2.2689,-2.2591,-2.0114,-1.9857,-2618.0153,-33.7430,977.9568,977.5538,2288.8875,1217.6024,1553.5291,1400.7764,0.4657,-47.7841,38.5071,-24.1580,38.8464,-64.6724,-70.0308,68.5648,65.8725,2.7594,-0.2641
18.9000,corner,242.3966,96.8465,81.4399,85.4087,23.7253,-0.5523,11.5667,0.3500,0.0000,1.5000,2,4820.4836,4482.3801,2291.5538,3642.1343,3317.8488,-0.0340,0.0000,0.0153,0.0168,-2.2836,-2.2736,-2.0245,-1.9987,-2604.1177,-33.2561,975.8112,975.5517,2305.2714,1221.4902,1563.0319,1408.5662,0.4685,-48.0373,38.7564,-24.3530,39.0205,-64.3591,-69.7166,68.2520,65.5546,2.7755,-0.2639
19.0000,corner,242.7803,99.1930,82.5826,85.7086,23.8084,-0.5600,11.5908,0.3500,0.0000,1.5000,2,4837.2307,4489.6895,2286.3696,3641.9962,3315.8616,-0.0336,0.0000,0.0153,0.0168,-2.2982,-2.2880,-2.0376,-2.0117,-2590.1221,-32.7806,973.7014,973.5771,2321.6140,1225.3280,1572.4912,1416.3114,0.4713,-48.2893,39.0044,-24.5472,39.1936,-64.0420,-69.3978,67.9348,65.2328,2.7915,-0.2637
19.1000,corner,243.1187,101.5548,83.7278,86.0071,23.8911,-0.5677,11.6145,0.3500,0.0000,1.5000,2,4853.8966,4496.9783,2281.2305,3641.8407,3313.8674,-0.0333,0.0000,0.0153,0.0168,-2.3128,-2.3024,-2.0507,-2.0246,-2576.0278,-32.3161,971.6258,971.6290,2337.9141,1229.1163,1581.9065,1424.0114,0.4740,-48.5401,39.2511,-24.7406,39.3657,-63.7211,-69.0747,67.6133,64.9071,2.8074,-0.2635
19.2000,corner,243.4114,103.9310,84.8754,86.3041,23.9734,-0.5754,11.6380,0.3500,0.0000,1.5000,2,4870.4814,4504.2459,2276.1367,3641.6678,3311.8664,-0.0330,0.0001,0.0152,0.0168,-2.3273,-2.3168,-2.0637,-2.0375,-2561.8342,-31.8621,969.5831,969.7065,2354.1704,1232.8553,1591.2772,1431.6661,0.4767,-48.7898,39.4964,-24.9331,39.5368,-63.3966,-68.7471,67.2875,64.5777,2.8233,-0.2633
19.3000,corner,243.6579,106.3208,86.0255,86.5996,24.0553,-0.5832,11.6611,0.3500,0.0000,1.5000,2,4886.9850,4511.4920,2271.0883,3641.4777,3309.8587,-0.0327,0.0001,0.0152,0.0167,-2.3418,-2.3311,-2.0767,-2.0504,-2547.5403,-31.4182,967.5718,967.8085,2370.3817,1236.5455,1600.6027,1439.2751,0.4794,-49.0382,39.7403,-25.1248,39.7068,-63.0685,-68.4152,66.9575,64.2445,2.8391,-0.2631
19.4000,corner,243.8575,108.7231,87.1779,86.8937,24.1368,-0.5909,11.6840,0.3500,0.0000,1.5000,2,4903.4073,4518.7162,2266.0857,3641.2704,3307.8444,-0.0324,0.0001,0.0152,0.0167,-2.3563,-2.3454,-2.0897,-2.0632,-2533.1455,-30.9840,965.5907,965.9343,2386.5467,1240.1874,1609.8826,1446.8381,0.4821,-49.2854,39.9829,-25.3156,39.8759,-62.7367,-68.0789,66.6233,63.9076,2.8548,-0.2629
19.5000,corner,244.0097,111.1371,88.3327,87.1863,24.2179,-0.5987,11.7065,0.3500,0.0000,1.5000,2,4919.7484,4525.9181,2261.1289,3641.0459,3305.8237,-0.0321,0.0001,0.0151,0.0167,-2.3707,-2.3597,-2.1026,-2.0760,-2518.6488,-30.5591,963.6384,964.0828,2402.6641,1243.7812,1619.1162,1454.3547,0.4848,-49.5314,40.2240,-25.5056,40.0440,-62.4014,-67.7383,66.2850,63.5669,2.8704,-0.2627
19.6000,corner,244.1142,113.5617,89.4899,87.4775,24.2985,-0.6065,11.7287,0.3500,0.0000,1.5000,2,4936.0083,4533.0973,2256.2183,3640.8042,3303.7967,-0.0318,0.0001,0.0151,0.0167,-2.3851,-2.3739,-2.1154,-2.0887,-2504.0492,-30.1432,961.7139,962.2534,2418.7328,1247.3276,1628.3031,1461.8247,0.4875,-49.7762,40.4638,-25.6946,40.2110,-62.0625,-67.3934,65.9424,63.2226,2.8860,-0.2626
19.7000,corner,244.1704,115.9960,90.6493,87.7672,24.3788,-0.6143,11.7506,0.3500,0.0000,1.5000,2,4952.1868,4540.2537,2251.3541,3640.5453,3301.7635,-0.0315,0.0001,0.0151,0.0167,-2.3994,-2.3881,-2.1282,-2.1014,-2489.3459,-29.7359,959.8160,960.4453,2434.7516,1250.8268,1637.4427,1469.2477,0.4902,-50.0197,40.7022,-25.8828,40.3770,-61.7200,-67.0442,65.5957,62.8747,2.9014,-0.2624
19.8000,corner,244.1779,118.4389,91.8110,88.0554,24.4587,-0.6221,11.7723,0.3500,0.0000,1.5000,2,4968.2841,4547.3867,2246.5364,3640.2693,3299.7242,-0.0311,0.0001,0.0151,0.0166,-2.4137,-2.4022,-2.1410,-2.1140,-2474.5379,-29.3369,957.9436,958.6576,2450.7194,1254.2795,1646.5346,1476.6235,0.4928,-50.2619,40.9391,-26.0701,40.5419,-61.3741,-66.6907,65.2449,62.5231,2.9168,-0.2622
19.9000,corner,244.1362,120.8895,92.9750,88.3422,24.5381,-0.6299,11.7936,0.3500,0.0000,1.5000,2,4984.3001,4554.4962,2241.7655,3639.9760,3297.6788,-0.0308,0.0001,0.0150,0.0166,-2.4280,-2.4163,-2.1538,-2.1266,-2459.6241,-28.9459,956.0958,956.8896,2466.6349,1257.6859,1655.5781,1483.9518,0.4955,-50.5029,41.1747,-26.2565,40.7058,-61.0246,-66.3330,64.8899,62.1678,2.9321,-0.2620
20.0000,corner,244.0450,123.3467,94.1411,88.6276,24.6172,-0.6377,11.8146,0.3500,0.0000,1.5000,2,5000.2349,4561.5819,2237.0417,3639.6655,3295.6274,-0.0305,0.0001,0.0150,0.0166,-2.4422,-2.4303,-2.1665,-2.1392,-2444.6036,-28.5627,954.2716,955.1407,2482.4970,1261.0466,1664.5729,1491.2324,0.4981,-50.7426,41.4087,-26.4420,40.8686,-60.6716,-65.9710,64.5308,61.8090,2.9473,-0.2618
20.1000,trail_brake,243.9043,125.8041,95.3284,88.4895,24.5952,-0.6510,12.3212,0.0000,0.0400,1.4571,2,4904.8412,4649.9575,2352.0508,3519.2272,3211.6664,-0.0368,-0.0011,-0.0028,-0.0020,-2.4157,-2.4033,-2.2239,-2.1949,-2862.4737,-85.9652,-242.2614,-172.7196,2534.4752,1335.2030,1617.4087,1456.6257,0.5006,-48.2505,45.0899,-29.7727,38.4182,-60.8589,-51.7691,45.1240,57.2672,2.9855,-0.1301
20.2000,trail_brake,243.7145,128.2517,96.5737,88.2069,24.5187,-0.6823,12.8472,0.0000,0.0800,1.4143,2,4880.4061,4691.9389,2344.1482,3498.4043,3198.7209,-0.0397,-0.0026,-0.0047,-0.0039,-2.4244,-2.4106,-2.3360,-2.3042,-3049.3019,-148.9457,-364.9123,-285.4207,2560.0918,1340.7398,1669.6456,1509.6435,0.5102,-47.0396,49.3065,-33.1517,37.2295,-78.5988,-63.0598,57.7849,76.7748,3.0815,-0.0200
20.3000,trail_brake,243.4753,130.6856,97.8605,87.8312,24.4165,-0.7188,13.1982,0.0000,0.1200,1.3714,2,4850.5539,4751.6922,2309.8477,3498.0686,3173.7995,-0.0436,-0.0040,-0.0067,-0.0059,-2.4558,-2.4406,-2.4525,-2.4180,-3283.4257,-208.8944,-492.6006,-399.9616,2624.3582,1343.6177,1734.7701,1556.4873,0.5230,-46.6464,52.6641,-35.8065,36.7237,-85.8123,-75.3655,71.0532,85.0103,3.1760,0.0562
20.4000,trail_brake,243.1861,133.1023,99.1749,87.3630,24.2885,-0.7526,13.4383,0.0000,0.1600,1.3286,2,4815.3794,4808.4145,2282.2379,3497.5568,3145.2523,-0.0474,-0.0054,-0.0086,-0.0079,-2.4880,-2.4713,-2.5594,-2.5226,-3497.2511,-266.8081,-621.8181,-515.2433,2691.0913,1349.4853,1793.8035,1593.9819,0.5351,-46.2367,55.3108,-37.8991,36.2452,-88.9426,-85.7482,81.7269,88.4240,3.2472,0.1182
20.5000,trail_brake,242.8465,135.4979,100.5085,86.8028,24.1349,-0.7806,13.6093,0.0000,0.2000,1.2857,2,4775.0383,4857.1831,2269.1430,3491.1965,3115.9114,-0.0508,-0.0068,-0.0107,-0.0100,-2.5119,-2.4940,-2.6524,-2.6136,-3678.5454,-323.7118,-749.3378,-630.1408,2746.2628,1358.0258,1841.2335,1622.3673,0.5450,-45.5954,57.4187,-39.6000,35.5965,-90.4483,-93.6879,89.5565,89.8101,3.2938,0.1744
20.6000,trail_brake,242.4566,137.8687,101.8558,86.1512,23.9558,-0.8022,13.7356,0.0000,0.2400,1.2429,2,4729.6321,4898.2989,2269.7060,3478.7895,3086.5822,-0.0539,-0.0081,-0.0127,-0.0121,-2.5247,-2.5056,-2.7315,-2.6908,-3831.5068,-380.2645,-873.8756,-744.0049,2786.1884,1367.7369,1876.7889,1642.6514,0.5526,-44.7078,59.1325,-41.0355,34.7483,-91.2446,-99.5647,95.1705,90.3384,3.3199,0.2282
20.7000,trail_brake,242.0168,140.2111,103.2130,85.4277,23.7555,-0.8175,13.8116,0.0000,0.2500,1.2000,2,4685.4620,4917.2065,2263.2199,3479.4425,3073.7586,-0.0561,-0.0085,-0.0137,-0.0131,-2.5261,-2.5061,-2.7961,-2.7539,-3925.2083,-398.1593,-934.3543,-794.7417,2804.6544,1370.1680,1908.9975,1662.5351,0.5580,-43.7381,60.4140,-42.1369,33.8606,-95.2635,-108.0767,104.9376,95.5934,3.3296,0.2749
20.8000,trail_brake,241.5274,142.5230,104.5696,84.6991,23.5532,-0.8243,13.7381,0.0000,0.2500,1.1571,2,4644.6467,4919.5616,2245.9883,3496.7016,3071.6434,-0.0576,-0.0085,-0.0139,-0.0132,-2.5149,-2.4944,-2.8327,-2.7898,-3981.3716,-394.0070,-954.7792,-801.4952,2800.5224,1359.1472,1938.2393,1677.9481,0.5603,-42.9978,60.7679,-42.4202,33.2778,-97.5635,-117.8434,116.0922,99.1583,3.3169,0.2965
20.9000,trail_brake,240.9892,144.8032,105.9108,83.9720,23.3515,-0.8205,13.5289,0.0000,0.2500,1.1143,2,4603.9856,4913.1281,2241.3254,3511.0772,3068.4503,-0.0589,-0.0085,-0.0142,-0.0134,-2.4846,-2.4640,-2.8348,-2.7921,-4018.9780,-390.4616,-974.6727,-807.6432,2773.8932,1345.2157,1947.8078,1676.5413,0.5582,-42.0807,60.3560,-42.0839,32.6244,-96.9372,-125.2481,124.0081,98.8861,3.2741,0.3056
21.0000,trail_brake,240.4029,147.0508,107.2249,83.2481,23.1510,-0.8058,13.2144,0.0000,0.2500,1.0714,2,4563.6188,4895.7790,2252.1900,3520.0234,3065.9911,-0.0599,-0.0083,-0.0144,-0.0135,-2.4326,-2.4125,-2.8030,-2.7615,-4034.1338,-387.6297,-992.4028,-813.0037,2719.8519,1328.4896,1936.1432,1660.0705,0.5512,-40.8468,59.3673,-41.3154,31.7511,-95.2472,-130.5417,129.3955,97.1409,3.2027,0.3094
21.1000,trail_brake,239.7702,149.2650,108.5027,82.5288,22.9518,-0.7813,12.8158,0.0000,0.2500,1.0286,2,4523.6277,4868.4967,2277.1284,3523.6630,3064.6658,-0.0604,-0.0082,-0.0146,-0.0136,-2.3602,-2.3409,-2.7408,-2.7011,-4029.3394,-385.3328,-1007.6776,-817.6815,2639.4651,1307.9952,1904.4791,1630.0424,0.5396,-39.2984,57.9414,-40.2375,30.6394,-93.1939,-134.1406,132.9206,94.8797,3.1072,0.3112
21.2000,trail_brake,239.0928,151.4450,109.7367,81.8153,22.7545,-0.7488,12.3496,0.0000,0.2500,0.9857,2,4484.0617,4832.9437,2313.7705,3522.7448,3064.4570,-0.0607,-0.0080,-0.0149,-0.0136,-2.2700,-2.2519,-2.6524,-2.6151,-4008.1464,-383.3231,-1020.6468,-821.8401,2536.2013,1282.8147,1855.0023,1587.8936,0.5238,-37.4799,56.1825,-38.9332,29.3154,-91.0504,-136.3985,135.0543,92.4924,2.9925,0.3120
21.3000,trail_brake,238.3731,153.5907,110.9211,81.1086,22.5590,-0.7099,11.8306,0.0000,0.2500,0.9429,2,4444.9504,4790.7456,2359.8216,3518.0440,3065.2685,-0.0607,-0.0078,-0.0151,-0.0137,-2.1655,-2.1489,-2.5428,-2.5083,-3973.7825,-381.3413,-1031.5712,-825.6139,2414.4074,1252.3797,1790.2637,1535.1540,0.5044,-35.4459,54.1717,-37.4621,27.8180,-88.9396,-137.5741,136.1044,90.1499,2.8629,0.3126
21.4000,trail_brake,237.6135,155.7018,112.0515,80.4094,22.3656,-0.6666,11.2721,0.0000,0.2500,0.9000,2,4406.3250,4743.4318,2413.3150,3510.1645,3066.9363,-0.0605,-0.0075,-0.0152,-0.0138,-2.0503,-2.0353,-2.4170,-2.3855,-3929.0662,-379.1516,-1040.3516,-828.9495,2278.7020,1216.5173,1712.9893,1473.4852,0.4820,-33.2506,51.9760,-35.8720,26.1884,-86.9105,-137.8344,136.2507,87.9139,2.7222,0.3130
21.5000,trail_brake,236.8167,157.7785,113.1246,79.7179,22.1744,-0.6206,10.6869,0.0000,0.2500,0.8571,2,4368.1681,4692.3210,2472.4366,3499.6936,3069.3697,-0.0602,-0.0073,-0.0154,-0.0138,-1.9281,-1.9148,-2.2800,-2.2515,-3876.4211,-376.4821,-1047.4428,-832.1148,2133.6476,1175.3937,1626.0210,1404.6832,0.4574,-30.9454,49.6536,-34.2032,24.4661,-85.0081,-137.3255,135.6470,85.8370,2.5740,0.3134
21.6000,trail_brake,235.9856,159.8211,114.1384,79.0342,21.9851,-0.5733,10.0866,0.0000,0.2500,0.8143,2,4330.4631,4638.6356,2535.5533,3487.1552,3072.4555,-0.0597,-0.0070,-0.0156,-0.0138,-1.8021,-1.7905,-2.1362,-2.1109,-3818.0375,-373.0453,-1053.0978,-835.2056,1983.5286,1129.4544,1532.2185,1330.6098,0.4312,-28.5772,47.2559,-32.4907,22.6878,-83.2560,-136.1719,134.4181,83.9428,2.4214,0.3138
21.7000,trail_brake,235.1232,161.8301,115.0920,78.3580,21.7979,-0.5262,9.4813,0.0000,0.2500,0.7714,2,4293.1828,4583.4918,2601.1796,3473.0465,3076.0658,-0.0592,-0.0067,-0.0157,-0.0139,-1.6753,-1.6652,-1.9898,-1.9675,-3755.9239,-368.5121,-1057.5954,-838.3090,1832.1566,1079.3517,1434.3232,1253.0937,0.4040,-26.1880,44.8276,-30.7649,20.8863,-81.6616,-134.4928,132.6822,82.2369,2.2672,0.3142
21.8000,trail_brake,234.2324,163.8062,115.9855,77.6889,21.6126,-0.4802,8.8792,0.0000,0.2500,0.7286,2,4256.2928,4527.8845,2667.9961,3457.8344,3080.0576,-0.0585,-0.0064,-0.0158,-0.0139,-1.5498,-1.5412,-1.8440,-1.8245,-3691.9018,-362.4829,-1061.2392,-841.5021,1682.7155,1025.8656,1334.8110,1173.8279,0.3764,-23.8131,42.4065,-29.0512,19.0895,-80.2172,-132.4043,130.5538,80.7089,2.1137,0.3146
21.9000,trail_brake,233.3163,165.7503,116.8194,77.0266,21.4289,-0.4361,8.2866,0.0000,0.2500,0.6857,2,4219.7548,4472.6702,2734.8825,3441.9374,3084.2751,-0.0579,-0.0061,-0.0160,-0.0140,-1.4275,-1.4202,-1.7013,-1.6844,-3627.5785,-354.4451,-1064.3356,-844.8466,1537.6765,969.8240,1235.7724,1094.2829,0.3491,-21.4810,40.0228,-27.3699,17.3198,-78.9023,-130.0156,128.1393,79.3343,1.9627,0.3150
22.0000,trail_brake,232.3775,167.6632,117.5950,76.3703,21.2469,-0.3944,7.7081,0.0000,0.2500,0.6429,2,4183.5299,4418.5595,2800.9483,3425.7020,3088.5514,-0.0573,-0.0057,-0.0161,-0.0140,-1.3097,-1.3035,-1.5636,-1.5491,-3564.3206,-343.7017,-1067.1662,-848.3776,1398.7897,912.0310,1138.8431,1015.6501,0.3222,-19.2130,37.6993,-25.7359,15.5943,-77.6843,-127.4216,125.5298,78.0754,1.8158,0.3154
22.1000,trail_brake,231.4190,169.5458,118.3139,75.7195,21.0662,-0.3554,7.1464,0.0000,0.2500,0.6000,2,4147.5817,4366.1264,2865.5524,3409.3770,3092.7028,-0.0567,-0.0053,-0.0162,-0.0140,-1.1971,-1.1919,-1.4320,-1.4196,-3503.2467,-329.2501,-1069.9545,-852.0876,1267.1455,853.2136,1045.1923,938.8232,0.2962,-17.0237,35.4518,-24.1596,13.9244,-76.5184,-124.6941,122.7912,76.8807,1.6738,0.3158
22.2000,trail_brake,230.4432,171.3992,118.9777,75.0738,20.8869,-0.3193,6.6031,0.0000,0.2500,0.5571,2,4111.8791,4315.8423,2928.3138,3393.0878,3096.5121,-0.0561,-0.0048,-0.0164,-0.0141,-1.0900,-1.0857,-1.3070,-1.2965,-3445.2496,-309.5663,-1072.8285,-855.8972,1143.2824,793.9889,955.5610,864.4116,0.2711,-14.9220,33.2897,-22.6476,12.3169,-75.3436,-121.8725,119.9545,75.6805,1.5373,0.3162
22.3000,trail_brake,229.4526,173.2245,119.5884,74.4325,20.7087,-0.2859,6.0788,0.0000,0.2500,0.5143,2,4076.3997,4268.1384,2989.1222,3376.8012,3099.6892,-0.0556,-0.0042,-0.0165,-0.0142,-0.9886,-0.9851,-1.1888,-1.1800,-3391.0554,-282.2070,-1075.7685,-859.6022,1027.3160,734.8527,870.3318,792.7768,0.2472,-12.9122,31.2173,-21.2033,10.7740,-74.0723,-118.9522,117.0023,74.3748,1.4066,0.3166
22.4000,trail_brake,228.4497,175.0227,120.1476,73.7952,20.5315,-0.2552,5.5734,0.0000,0.2500,0.4714,2,4041.1350,4223.5131,3048.1728,3360.2614,3101.7921,-0.0551,-0.0034,-0.0167,-0.0142,-0.8927,-0.8898,-1.0773,-1.0700,-3341.3296,-243.0425,-1078.5169,-862.7689,919.0680,676.1858,789.6104,724.0797,0.2244,-10.9957,29.2346,-19.8287,9.2945,-72.5666,-115.8639,113.8448,72.8073,1.2818,0.3170
22.5000,trail_brake,227.4365,176.7948,120.6572,73.1617,20.3551,-0.2270,5.0868,0.0000,0.2500,0.4286,2,4006.1002,4182.7178,3106.0656,3342.8608,3102.0705,-0.0547,-0.0023,-0.0168,-0.0142,-0.8021,-0.7998,-0.9721,-0.9661,-3296.8553,-184.7504,-1080.3988,-864.5202,818.1798,618.2724,713.3024,658.3278,0.2027,-9.1722,27.3386,-18.5257,7.8732,-70.5924,-112.4349,110.2737,70.7117,1.1627,0.3175
22.6000,trail_brake,226.4151,178.5418,121.1188,72.5316,20.1795,-0.2012,4.6191,0.0000,0.2500,0.3857,2,3971.3524,4147.0778,3164.0237,3323.3876,3099.1753,-0.0544,-0.0008,-0.0169,-0.0142,-0.7166,-0.7148,-0.8728,-0.8678,-3258.8217,-93.9941,-1079.9931,-863.1248,724.2068,561.3246,641.1784,595.4171,0.1821,-7.4413,25.5227,-17.2980,6.5008,-67.7302,-108.3137,105.8730,67.6118,1.0491,0.3182
22.7000,trail_brake,225.3874,180.2648,121.5340,71.9050,20.0045,-0.1775,4.1710,0.0000,0.2500,0.3429,2,3937.0344,4118.9443,3224.2434,3299.6437,3090.7370,-0.0541,0.0016,-0.0169,-0.0141,-0.6359,-0.6344,-0.7786,-0.7747,-3229.2141,51.8233,-1074.4124,-855.1878,636.6866,505.5087,572.9260,535.1678,0.1626,-5.8051,23.7775,-16.1539,5.1615,-63.2442,-102.8534,99.8878,62.6769,0.9407,0.3191
22.8000,trail_brake,224.3552,181.9648,121.9043,71.2818,19.8299,-0.1558,3.7433,0.0000,0.2500,0.3000,2,3903.3799,4100.8930,3289.1818,3269.1692,3074.1734,-0.0540,0.0052,-0.0168,-0.0138,-0.5597,-0.5585,-0.6892,-0.6861,-3210.1710,273.4181,-1059.4979,-835.9424,555.1335,450.9244,508.2497,477.4180,0.1440,-4.2700,22.0887,-15.1063,3.8346,-56.3024,-95.3009,91.5055,55.0360,0.8373,0.3205
22.9000,trail_brake,223.3203,183.6427,122.2311,70.6617,19.6557,-0.1358,3.3329,0.0000,0.2500,0.2571,2,3870.4875,4091.4787,3357.8582,3233.0774,3050.8550,-0.0539,0.0095,-0.0166,-0.0134,-0.4876,-0.4867,-0.6042,-0.6018,-3200.4212,547.5211,-1034.2338,-804.3173,478.9367,397.5161,447.0356,422.1826,0.1263,-2.8428,20.4420,-14.1578,2.5113,-47.2113,-85.8922,81.2403,45.2850,0.7384,0.3222
23.0000,trail_brake,222.2841,185.2995,122.5156,70.0434,19.4821,-0.1175,2.9333,0.0000,0.2500,0.2143,2,3837.9876,4083.1327,3423.9582,3198.0407,3028.0987,-0.0539,0.0134,-0.0163,-0.0128,-0.4191,-0.4184,-0.5234,-0.5217,-3193.4051,801.5661,-1005.8270,-768.4714,407.3936,345.1064,389.2823,369.5672,0.1095,-1.5126,18.8380,-13.2814,1.2143,-38.1222,-76.5250,71.5280,36.0868,0.6440,0.3239
23.1000,trail_brake,221.2482,186.9361,122.7590,69.4265,19.3091,-0.1007,2.5413,0.0000,0.2500,0.1714,2,3805.4451,4071.6220,3484.0804,3167.7466,3009.8381,-0.0539,0.0166,-0.0160,-0.0123,-0.3536,-0.3531,-0.4468,-0.4456,-3185.1536,1009.0291,-981.4651,-735.7588,340.0040,293.6477,334.7552,319.4213,0.0934,-0.2489,17.2939,-12.4427,-0.0264,-30.3598,-68.3952,63.5294,28.6831,0.5537,0.3252
23.2000,trail_brake,220.2140,188.5534,122.9623,68.8108,19.1368,-0.0853,2.1576,0.0000,0.2500,0.1286,2,3772.8221,4057.8935,3539.3421,3141.1702,2994.9607,-0.0540,0.0192,-0.0158,-0.0118,-0.2911,-0.2907,-0.3738,-0.3730,-3176.3195,1184.0724,-961.3690,-705.8310,276.4557,243.1971,283.1236,271.4935,0.0779,0.9683,15.8200,-11.6272,-1.2018,-23.7281,-61.3267,56.7210,22.5092,0.4672,0.3263
23.3000,trail_brake,219.1828,190.1522,123.1266,68.1963,18.9649,-0.0711,1.7825,0.0000,0.2500,0.0857,2,3740.1910,4043.0920,3590.9396,3117.1519,2982.2545,-0.0541,0.0216,-0.0156,-0.0113,-0.2313,-0.2311,-0.3043,-0.3038,-3167.8711,1337.2411,-944.1320,-676.8945,216.4936,193.8081,234.1366,225.6056,0.0632,2.1447,14.4153,-10.8334,-2.3150,-17.8956,-55.0157,50.6497,17.0841,0.3842,0.3273
23.4000,trail_brake,218.1558,191.7334,123.2528,67.5830,18.7934,-0.0581,1.4161,0.0000,0.2500,0.0429,2,3707.5979,4027.8291,3639.5383,3095.0571,2971.0721,-0.0542,0.0236,-0.0155,-0.0108,-0.1741,-0.1740,-0.2379,-0.2376,-3160.3099,1473.9430,-928.9156,-647.7427,159.8898,145.5228,187.6000,181.6276,0.0491,3.2808,13.0756,-10.0625,-3.3716,-12.6573,-49.2752,45.1005,12.1804,0.3047,0.3282
23.5000,trail_brake,217.1342,193.2978,123.3419,66.9708,18.6223,-0.0462,1.0582,0.0000,0.2500,0.0000,2,3675.0763,4012.4843,3685.5771,3074.4769,2961.0051,-0.0544,0.0255,-0.0153,-0.0103,-0.1194,-0.1193,-0.1744,-0.1743,-3153.9188,1597.4781,-915.2055,-617.3896,106.4379,98.3770,143.3525,139.4542,0.0355,4.3763,11.7964,-9.3164,-4.3769,-7.8732,-43.9769,39.9476,7.6660,0.2284,0.3291
23.6000,trail_brake,216.1191,194.8460,123.3966,66.3596,18.4515,-0.0344,0.7632,0.0000,0.2500,0.0000,2,3642.7204,3995.7067,3732.3241,3052.3946,2953.1430,-0.0546,0.0272,-0.0152,-0.0097,-0.1007,-0.1007,-0.1143,-0.1143,-3145.6254,1713.5153,-900.5971,-584.3667,82.0055,77.0170,101.4613,99.2820,0.0262,5.4022,10.6026,-8.6203,-5.3150,-4.0181,-38.0702,34.0690,3.9871,0.1572,0.3299
23.7000,trail_brake,215.1113,196.3787,123.4283,65.7495,18.2810,-0.0230,0.5957,0.0000,0.2500,0.0000,2,3610.8288,3980.4487,3778.4622,3027.2725,2947.3939,-0.0547,0.0288,-0.0149,-0.0090,-0.0782,-0.0782,-0.0645,-0.0645,-3138.6772,1820.5694,-880.1087,-543.9890,60.5283,57.7271,65.8449,64.9728,0.0181,6.1953,9.6456,-8.0974,-6.0780,-1.2734,-30.8210,26.7419,1.3667,0.1011,0.3307
23.8000,trail_brake,214.1114,197.8962,123.4468,65.1399,18.1108,-0.0144,0.5034,0.0000,0.2500,0.0000,2,3579.0150,3970.3322,3814.0404,3006.6395,2942.6627,-0.0552,0.0301,-0.0147,-0.0082,-0.0589,-0.0589,-0.0290,-0.0290,-3144.0808,1907.2496,-863.1729,-500.3585,41.1671,39.6784,40.0853,39.9063,0.0117,6.7196,8.9673,-7.7670,-6.6264,1.2596,-24.6195,20.6736,-0.3791,0.0626,0.3314
23.9000,trail_brake,213.1198,199.3989,123.4578,64.5309,17.9410,-0.0086,0.4530,0.0000,0.2500,0.0000,2,3546.9369,3964.1057,3838.8929,2992.1203,2938.7073,-0.0559,0.0312,-0.0147,-0.0075,-0.0456,-0.0456,-0.0053,-0.0053,-3160.5507,1977.1315,-856.3328,-457.4149,27.2577,26.4040,23.0226,23.1447,0.0073,7.0591,8.5144,-7.5739,-6.9858,3.4902,-20.0813,16.4107,-1.4249,0.0378,0.3320
24.0000,trail_brake,212.1371,200.8872,123.4644,63.9224,17.7715,-0.0049,0.4269,0.0000,0.2500,0.0000,2,3514.5401,3960.3835,3855.5202,2982.5460,2935.4859,-0.0569,0.0322,-0.0148,-0.0067,-0.0372,-0.0372,0.0100,0.0100,-3184.6848,2035.1909,-860.6510,-415.3297,18.1889,17.6150,12.2072,12.4522,0.0044,7.2778,8.2215,-7.4654,-7.2129,5.0575,-16.9839,13.6095,-2.2325,0.0221,0.3325
24.1000,trail_brake,211.1633,202.3611,123.4682,63.3145,17.6024,-0.0027,0.4155,0.0000,0.2500,0.0000,2,3481.8971,3958.0127,3867.0103,2976.2729,2932.6961,-0.0580,0.0331,-0.0151,-0.0059,-0.0323,-0.0323,0.0199,0.0199,-3212.8472,2085.9841,-875.3711,-372.0694,12.5710,12.1156,5.5136,5.8122,0.0026,7.4356,8.0356,-7.4064,-7.3516,6.0592,-14.8931,11.7546,-2.9274,0.0121,0.3331
24.2000,trail_brake,210.1986,203.8207,123.4706,62.7073,17.4335,-0.0014,0.4132,0.0000,0.2500,0.0000,2,3449.0792,3956.7407,3874.7421,2972.4734,2930.0544,-0.0592,0.0339,-0.0156,-0.0051,-0.0297,-0.0298,0.0263,0.0263,-3243.6178,2131.4157,-900.4989,-325.0829,9.2122,8.8010,1.4212,1.7494,0.0015,7.5454,7.9184,-7.3756,-7.4192,6.7773,-13.5077,10.5416,-3.6393,0.0061,0.3334
24.3000,trail_brake,209.2431,205.2663,123.4720,62.1008,17.2648,-0.0006,0.4168,0.0000,0.2500,0.0000,2,3416.1161,3956.2419,3879.7471,2970.2702,2927.7550,-0.0605,0.0347,-0.0163,-0.0041,-0.0287,-0.0287,0.0307,0.0307,-3275.8693,2172.9208,-936.9811,-272.0568,7.2688,6.8671,-1.0778,-0.7263,0.0009,7.6196,7.8450,-7.3597,-7.4486,7.3386,-12.6267,9.7793,-4.2845,0.0025,0.3336
24.4000,trail_brake,208.2968,206.6977,123.4728,61.4951,17.0964,-0.0001,0.4248,0.0000,0.2500,0.0000,2,3383.0487,3956.3181,3882.8864,2969.0285,2925.7808,-0.0618,0.0354,-0.0173,-0.0030,-0.0285,-0.0285,0.0340,0.0340,-3308.7802,2211.5354,-985.9487,-209.9844,6.1921,5.7823,-2.6205,-2.2457,0.0005,7.6695,7.7993,-7.3514,-7.4596,7.8302,-12.0888,9.3106,-4.8493,0.0004,0.3336
24.5000,trail_brake,207.3598,208.1150,123.4734,60.8901,16.9283,0.0002,0.4360,0.0000,0.2500,0.0000,2,3349.9212,3956.8854,3884.8473,2968.3177,2923.9626,-0.0632,0.0362,-0.0186,-0.0017,-0.0290,-0.0290,0.0366,0.0366,-3341.8167,2247.9510,-1048.3595,-135.7221,5.6414,5.2132,-3.5994,-3.1986,0.0003,7.7039,7.7709,-7.3469,-7.4614,8.3269,-11.7640,9.0080,-5.3748,-0.0009,0.3337
24.6000,trail_brake,206.4320,209.5184,123.4737,60.2860,16.7604,0.0003,0.4500,0.0000,0.2500,0.0000,2,3316.7755,3957.9281,3886.1799,2967.8222,2922.0828,-0.0646,0.0369,-0.0201,-0.0001,-0.0299,-0.0299,0.0390,0.0390,-3374.6459,2282.5996,-1124.0506,-47.1968,5.4102,4.9562,-4.2505,-3.8201,0.0002,7.7293,7.7531,-7.3448,-7.4581,8.8934,-11.5442,8.7664,-5.9195,-0.0017,0.3337
24.7000,trail_brake,205.5134,210.9077,123.4740,59.6828,16.5927,0.0004,0.4660,0.0000,0.2500,0.0000,2,3283.6493,3959.4205,3887.3219,2967.3080,2919.9627,-0.0661,0.0376,-0.0219,0.0018,-0.0311,-0.0311,0.0412,0.0413,-3407.0277,2315.7165,-1209.8919,54.1027,5.3713,4.8859,-4.7102,-4.2464,0.0001,7.7504,7.7413,-7.3448,-7.4514,9.5687,-11.3405,8.5032,-6.5319,-0.0021,0.3337
24.8000,trail_brake,204.6040,212.2831,123.4742,59.0803,16.4252,0.0005,0.4829,0.0000,0.2500,0.0000,2,3250.4725,3961.0303,3888.3029,2966.8761,2917.8036,-0.0675,0.0383,-0.0239,0.0037,-0.0324,-0.0324,0.0434,0.0435,-3438.6023,2347.5131,-1301.0486,160.6152,5.4422,4.9218,-5.0577,-4.5577,0.0001,7.7692,7.7327,-7.3463,-7.4422,10.2563,-11.1638,8.2621,-7.1550,-0.0024,0.3338
24.9000,trail_brake,203.7039,213.6445,123.4743,58.4786,16.2580,0.0005,0.4996,0.0000,0.2500,0.0000,2,3217.1228,3962.3197,3888.8319,2966.8043,2916.0561,-0.0690,0.0390,-0.0259,0.0056,-0.0338,-0.0339,0.0456,0.0456,-3469.0368,2378.2144,-1393.5178,263.6823,5.5677,5.0107,-5.3431,-4.8057,0.0000,7.7851,7.7262,-7.3474,-7.4321,10.7975,-11.0980,8.1571,-7.6639,-0.0027,0.3338
25.0000,trail_brake,202.8130,214.9919,123.4744,57.8777,16.0910,0.0006,0.5155,0.0000,0.2500,0.0000,2,3183.5819,3963.1650,3888.7915,2967.1332,2914.9208,-0.0705,0.0397,-0.0280,0.0073,-0.0353,-0.0353,0.0476,0.0477,-3498.2600,2407.8922,-1484.0985,358.9530,5.7140,5.1202,-5.5933,-5.0191,0.0000,7.7971,7.7220,-7.3464,-7.4232,11.1427,-11.1704,8.2111,-8.0041,-0.0028,0.3337
