time,phase,pos_x,pos_y,yaw_deg,speed_kph,vx_body,vy_body,yaw_rate_dps,throttle,brake,steer_deg,gear,rpm,fz_fl,fz_fr,fz_rl,fz_rr,sr_fl,sr_fr,sr_rl,sr_rr,sa_fl_deg,sa_fr_deg,sa_rl_deg,sa_rr_deg,fx_fl,fx_fr,fx_rl,fx_rr,fy_fl,fy_fr,fy_rl,fy_rr,lat_accel_g,susp_defl_fl_mm,susp_defl_fr_mm,susp_defl_rl_mm,susp_defl_rr_mm,susp_vel_fl,susp_vel_fr,susp_vel_rl,susp_vel_rr,roll_deg,pitch_deg,fz_total,understeer_deg,fc_util_fl,fc_util_fr,fc_util_rl,fc_util_rr,radius_m,yaw_rate_ref_dps
0.0000,accel,0.0000,0.0000,0.0000,0.0000,0.0000,0.0000,0.0000,0.0000,0.0000,0.0000,1,1000.0000,3776.8500,3776.8500,3090.1500,3090.1500,0.0000,0.0000,0.0000,0.0000,0.0000,0.0000,0.0000,0.0000,0.0000,0.0000,0.0000,0.0000,0.0000,0.0000,0.0000,0.0000,0.0000,0.0000,0.0000,0.0000,0.0000,0.0000,0.0000,0.0000,0.0000,0.0000,0.0000,13734.0000,0.0000,0.0000,0.0000,0.0000,0.0000,0.0000,0.0000
0.1000,accel,0.0000,0.0000,0.0000,0.0189,0.0039,0.0000,0.0000,0.0667,0.0000,0.0000,1,1000.0000,3719.9859,3719.9859,3147.1123,3147.1123,0.0008,0.0008,0.0027,0.0027,0.0000,0.0000,0.0000,0.0000,-1.0416,-1.0416,112.8544,112.8544,0.0000,0.0000,0.0000,0.0000,0.0000,-0.1181,-0.1181,0.1924,0.1924,-4.1916,-4.1916,5.1645,5.1645,0.0000,-0.0068,13734.1964,0.0000,0.0003,0.0003,0.0359,0.0359,0.0000,0.0000
0.2000,accel,0.0018,0.0000,0.0000,0.1124,0.0284,0.0000,0.0000,0.1333,0.0000,0.0000,1,1000.0000,3697.7662,3697.7662,3169.3250,3169.3250,0.0007,0.0007,0.0048,0.0048,0.0000,0.0000,0.0000,0.0000,-2.8329,-2.8329,243.5492,243.5492,0.0000,0.0000,0.0000,0.0000,0.0000,-0.6790,-0.6790,0.8527,0.8527,-6.5338,-6.5338,7.4472,7.4472,0.0000,-0.0338,13734.1823,0.0000,0.0008,0.0008,0.0768,0.0768,0.0000,0.0000
0.3000,accel,0.0072,0.0000,0.0000,0.2736,0.0708,0.0000,0.0000,0.2000,0.0000,0.0000,1,1000.0000,3681.7075,3681.7075,3185.2874,3185.2874,0.0007,0.0007,0.0081,0.0081,0.0000,0.0000,0.0000,0.0000,-4.6947,-4.6947,440.7257,440.7257,0.0000,0.0000,0.0000,0.0000,0.0000,-1.3894,-1.3894,1.6337,1.6337,-6.0479,-6.0479,6.0221,6.0221,0.0000,-0.0666,13733.9897,0.0000,0.0013,0.0013,0.1384,0.1384,0.0000,0.0000
0.4000,accel,0.0179,0.0000,0.0000,0.5293,0.1314,0.0000,0.0000,0.2667,0.0000,0.0000,1,1000.0000,3289.3321,3289.3321,3579.8694,3579.8694,-0.0027,-0.0027,0.0251,0.0251,0.0000,0.0000,0.0000,0.0000,-214.9057,-214.9057,1531.7813,1531.7813,0.0000,0.0000,0.0000,0.0000,0.0000,-0.9928,-0.9928,3.7285,3.7285,-120.9880,-120.9880,142.9065,142.9065,0.0000,-0.1040,13738.4029,0.0000,0.0653,0.0653,0.4279,0.4279,0.0000,0.0000
0.5000,accel,0.0353,0.0000,0.0000,0.6918,0.2327,0.0000,0.0000,0.3333,0.0000,0.0000,1,1000.0000,3185.3519,3185.3519,3682.8777,3682.8777,0.0054,0.0054,-0.2233,-0.2233,0.0000,0.0000,0.0000,0.0000,278.7973,278.7973,-3682.8777,-3682.8777,0.0000,0.0000,0.0000,0.0000,0.0000,-1.8347,-1.8347,6.4160,6.4160,-144.6832,-144.6832,157.2349,157.2349,0.0000,-0.1818,13736.4590,0.0000,0.0875,0.0875,1.0000,1.0000,0.0000,0.0000
0.6000,accel,0.0628,0.0000,0.0000,1.2334,0.2970,0.0000,0.0000,0.4000,0.0000,0.0000,1,1000.0000,3854.2209,3854.2209,3011.0218,3011.0218,0.1442,0.1442,0.0017,0.0017,0.0000,0.0000,0.0000,0.0000,3777.5200,3777.5200,53.6555,53.6555,0.0000,0.0000,0.0000,0.0000,0.0000,-1.2752,-1.2752,5.9329,5.9329,59.3966,59.3966,-76.1976,-76.1976,0.0000,-0.1588,13730.4854,0.0000,0.9801,0.9801,0.0178,0.0178,0.0000,0.0000
0.7000,accel,0.1011,0.0000,0.0000,1.6891,0.3896,0.0000,0.0000,0.4667,0.0000,0.0000,1,1000.0000,4558.7452,4558.7452,2312.8338,2312.8338,0.1470,0.1470,0.3964,0.3964,0.0000,0.0000,0.0000,0.0000,4472.0362,4472.0362,2213.4407,2213.4407,0.0000,0.0000,0.0000,0.0000,0.0000,0.0472,0.0472,6.8555,6.8555,327.9825,327.9825,-282.2693,-282.2693,0.0000,-0.1500,13743.1580,0.0000,0.9810,0.9810,0.9570,0.9570,0.0000,0.0000
0.8000,accel,0.1508,0.0000,0.0000,1.8363,0.5916,0.0000,0.0000,0.5333,0.0000,0.0000,1,1000.0000,2614.0908,2614.0908,4257.0389,4257.0389,-0.1479,-0.1479,-0.1181,-0.1181,0.0000,0.0000,0.0000,0.0000,-2614.0908,-2614.0908,-4234.0359,-4234.0359,0.0000,0.0000,0.0000,0.0000,0.0000,-3.1672,-3.1672,11.1273,11.1273,-298.3828,-298.3828,339.7864,339.7864,0.0000,-0.3150,13742.2594,0.0000,1.0000,1.0000,0.9946,0.9946,0.0000,0.0000
0.9000,accel,0.2152,0.0000,0.0000,2.6450,0.7169,0.0000,0.0000,0.6000,0.0000,0.0000,1,1000.0000,2589.9848,2589.9848,4281.4738,4281.4738,-0.3546,-0.3546,0.4538,0.4538,0.0000,0.0000,0.0000,0.0000,-2571.2102,-2571.2102,4066.4274,4066.4274,0.0000,0.0000,0.0000,0.0000,0.0000,-3.3173,-3.3173,11.2007,11.2007,-304.1976,-304.1976,348.8267,348.8267,0.0000,-0.3199,13742.9172,0.0000,0.9928,0.9928,0.9498,0.9498,0.0000,0.0000
1.0000,accel,0.2952,0.0000,0.0000,3.2334,0.8210,0.0000,0.0000,0.6667,0.0000,0.0000,1,1000.0000,4459.3116,4459.3116,2410.9822,2410.9822,0.4751,0.4751,0.5763,0.5763,0.0000,0.0000,0.0000,0.0000,4223.9923,4223.9923,2257.1146,2257.1146,0.0000,0.0000,0.0000,0.0000,0.0000,-1.7140,-1.7140,9.4358,9.4358,305.8208,305.8208,-272.6582,-272.6582,0.0000,-0.2457,13740.5876,0.0000,0.9472,0.9472,0.9362,0.9362,0.0000,0.0000
1.1000,accel,0.3934,0.0000,0.0000,3.9425,1.0177,0.0000,0.0000,0.7333,0.0000,0.0000,1,1000.0000,3700.2405,3700.2405,3161.8459,3161.8459,0.4212,0.4212,0.5305,0.5305,0.0000,0.0000,0.0000,0.0000,3529.3179,3529.3179,2975.3132,2975.3132,0.0000,0.0000,0.0000,0.0000,0.0000,-3.3684,-3.3684,10.5808,10.5808,18.7359,18.7359,-66.3038,-66.3038,0.0000,-0.3074,13724.1728,0.0000,0.9538,0.9538,0.9410,0.9410,0.0000,0.0000
1.2000,accel,0.5117,0.0000,0.0000,4.5005,1.2599,0.0000,0.0000,0.8000,0.0000,0.0000,1,1183.3510,3749.9625,3749.9625,3114.4811,3114.4811,-0.3340,-0.3340,0.5802,0.5802,0.0000,0.0000,0.0000,0.0000,-3733.8738,-3733.8738,2914.4889,2914.4889,0.0000,0.0000,0.0000,0.0000,0.0000,-6.2668,-6.2668,12.3012,12.3012,67.6088,67.6088,-92.1252,-92.1252,0.0000,-0.4092,13728.8872,0.0000,0.9957,0.9957,0.9358,0.9358,0.0000,0.0000
1.3000,accel,0.6522,0.0000,0.0000,5.1466,1.4493,0.0000,0.0000,0.8667,0.0000,0.0000,1,1600.1483,4948.6195,4948.6195,1928.3233,1928.3233,-0.0441,-0.0441,0.6644,0.6644,0.0000,0.0000,0.0000,0.0000,-3445.8156,-3445.8156,1788.6448,1788.6448,0.0000,0.0000,0.0000,0.0000,0.0000,-4.5482,-4.5482,12.3471,12.3471,529.8857,529.8857,-431.3558,-431.3558,0.0000,-0.3723,13753.8855,0.0000,0.6963,0.6963,0.9276,0.9276,0.0000,0.0000
1.4000,accel,0.8173,0.0000,0.0000,6.4356,1.7104,0.0000,0.0000,0.9333,0.0000,0.0000,1,1396.4788,3879.5678,3879.5678,2986.5147,2986.5147,0.4491,0.4491,0.5445,0.5445,0.0000,0.0000,0.0000,0.0000,3686.9118,3686.9118,2805.8312,2805.8312,0.0000,0.0000,0.0000,0.0000,0.0000,-6.9969,-6.9969,13.2046,13.2046,126.7526,126.7526,-135.1400,-135.1400,0.0000,-0.4452,13732.1652,0.0000,0.9503,0.9503,0.9395,0.9395,0.0000,0.0000
1.5000,accel,1.0118,0.0000,0.0000,7.3761,2.0571,0.0000,0.0000,1.0000,0.0000,0.0000,1,1724.2825,3687.3429,3687.3429,3177.3345,3177.3345,-0.3496,-0.3496,0.5685,0.5685,0.0000,0.0000,0.0000,0.0000,-3663.2261,-3663.2261,2977.1105,2977.1105,0.0000,0.0000,0.0000,0.0000,0.0000,-10.1601,-10.1601,16.4340,16.4340,81.4938,81.4938,-103.6872,-103.6872,0.0000,-0.5860,13729.3549,0.0000,0.9935,0.9935,0.9370,0.9370,0.0000,0.0000
1.6000,accel,1.2393,0.0000,0.0000,8.6085,2.4367,0.0000,0.0000,1.0000,0.0000,0.0000,1,1000.0000,2580.8914,2580.8914,4288.8752,4288.8752,-0.1738,-0.1738,-0.0148,-0.0148,0.0000,0.0000,0.0000,0.0000,-2580.8914,-2580.8914,-1236.8714,-1236.8714,0.0000,0.0000,0.0000,0.0000,0.0000,-13.1499,-13.1499,19.9346,19.9346,-236.5629,-236.5629,264.4484,264.4484,0.0000,-0.7291,13739.5333,0.0000,1.0000,1.0000,0.2884,0.2884,0.0000,0.0000
1.7000,accel,1.4997,0.0000,0.0000,9.9967,2.7625,0.0000,0.0000,1.0000,0.0000,0.0000,1,1918.9653,2746.4371,2746.4371,4120.8143,4120.8143,-0.4575,-0.4575,0.4856,0.4856,0.0000,0.0000,0.0000,0.0000,-2689.6370,-2689.6370,3898.3436,3898.3436,0.0000,0.0000,0.0000,0.0000,0.0000,-13.3956,-13.3956,20.5859,20.5859,-187.5092,-187.5092,190.7104,190.7104,0.0000,-0.7488,13734.5027,0.0000,0.9793,0.9793,0.9460,0.9460,0.0000,0.0000
1.8000,accel,1.7975,0.0000,0.0000,11.2297,3.1127,0.0000,0.0000,1.0000,0.0000,0.0000,1,1598.9090,3480.1260,3480.1260,3382.4621,3382.4621,-0.0538,-0.0538,0.3035,0.3035,0.0000,0.0000,0.0000,0.0000,-2719.4290,-2719.4290,3281.7320,3281.7320,0.0000,0.0000,0.0000,0.0000,0.0000,-13.4828,-13.4828,20.5507,20.5507,31.8341,31.8341,-74.4846,-74.4846,0.0000,-0.7500,13725.1763,0.0000,0.7814,0.7814,0.9702,0.9702,0.0000,0.0000
1.9000,accel,2.1317,0.0000,0.0000,12.6650,3.5095,0.0000,0.0000,1.0000,0.0000,0.0000,1,1348.1025,2842.6142,2842.6142,4023.6609,4023.6609,-0.4735,-0.4735,0.0743,0.0743,0.0000,0.0000,0.0000,0.0000,-2778.4298,-2778.4298,3496.4538,3496.4538,0.0000,0.0000,0.0000,0.0000,0.0000,-15.4013,-15.4013,21.8475,21.8475,-145.7040,-145.7040,139.2332,139.2332,0.0000,-0.8208,13732.5502,0.0000,0.9774,0.9774,0.8690,0.8690,0.0000,0.0000
2.0000,accel,2.5008,0.0000,0.0000,14.0525,3.8306,0.0000,0.0000,1.0000,0.0000,0.0000,1,1981.8146,3956.1840,3956.1840,2912.6671,2912.6671,0.0669,0.0669,0.3129,0.3129,0.0000,0.0000,0.0000,0.0000,3303.1775,3303.1775,2821.8630,2821.8630,0.0000,0.0000,0.0000,0.0000,0.0000,-13.9732,-13.9732,20.4935,20.4935,227.1618,227.1618,-208.3027,-208.3027,0.0000,-0.7595,13737.7022,0.0000,0.8349,0.8349,0.9688,0.9688,0.0000,0.0000
2.1000,accel,2.9093,0.0000,0.0000,15.4568,4.2371,0.0000,0.0000,1.0000,0.0000,0.0000,1,2209.5267,3481.3663,3481.3663,3382.8521,3382.8521,0.0247,0.0247,0.3193,0.3193,0.0000,0.0000,0.0000,0.0000,1469.2684,1469.2684,3274.1340,3274.1340,0.0000,0.0000,0.0000,0.0000,0.0000,-15.7107,-15.7107,21.5292,21.5292,54.6099,54.6099,-81.3621,-81.3621,0.0000,-0.8206,13728.4368,0.0000,0.4220,0.4220,0.9679,0.9679,0.0000,0.0000
2.2000,accel,3.3592,0.0000,0.0000,16.7108,4.6330,0.0000,0.0000,1.0000,0.0000,0.0000,1,2902.4517,2962.8834,2962.8834,3902.0413,3902.0413,-0.1514,-0.1514,0.4342,0.4342,0.0000,0.0000,0.0000,0.0000,-2962.8834,-2962.8834,3715.4003,3715.4003,0.0000,0.0000,0.0000,0.0000,0.0000,-15.2335,-15.2335,21.6272,21.6272,-112.5399,-112.5399,92.7887,92.7887,0.0000,-0.8123,13729.8493,0.0000,1.0000,1.0000,0.9522,0.9522,0.0000,0.0000
2.3000,accel,3.8525,0.0000,0.0000,18.4724,5.1223,0.0000,0.0000,1.0000,0.0000,0.0000,1,3615.0437,3068.1601,3068.1601,3795.3867,3795.3867,-0.0805,-0.0805,0.4979,0.4979,0.0000,0.0000,0.0000,0.0000,-2829.3364,-2829.3364,3585.1477,3585.1477,0.0000,0.0000,0.0000,0.0000,0.0000,-18.6132,-18.6132,24.1462,24.1462,-58.3202,-58.3202,24.9370,24.9370,0.0000,-0.9423,13727.0935,0.0000,0.9222,0.9222,0.9446,0.9446,0.0000,0.0000
2.4000,accel,4.3948,0.0000,0.0000,20.2276,5.6115,0.0000,0.0000,1.0000,0.0000,0.0000,1,5621.7011,3027.1457,3027.1457,3836.7938,3836.7938,-0.1021,-0.1021,0.6463,0.6463,0.0000,0.0000,0.0000,0.0000,-2949.6498,-2949.6498,3565.4194,3565.4194,0.0000,0.0000,0.0000,0.0000,0.0000,-20.0075,-20.0075,25.2436,25.2436,-60.0789,-60.0789,30.5258,30.5258,0.0000,-0.9972,13727.8789,0.0000,0.9744,0.9744,0.9293,0.9293,0.0000,0.0000
2.5000,accel,4.9856,0.0000,0.0000,22.0073,6.1015,0.0000,0.0000,1.0000,0.0000,0.0000,2,1997.6510,2855.8988,2855.8988,4009.8846,4009.8846,-0.1696,-0.1696,0.3894,0.3894,0.0000,0.0000,0.0000,0.0000,-2855.8988,-2855.8988,3841.3085,3841.3085,0.0000,0.0000,0.0000,0.0000,0.0000,-20.6893,-20.6893,25.9485,25.9485,-104.1370,-104.1370,92.7129,92.7129,0.0000,-1.0277,13731.5670,0.0000,1.0000,1.0000,0.9580,0.9580,0.0000,0.0000
2.6000,accel,5.6020,0.0000,0.0000,22.1836,6.1695,0.0000,0.0000,1.0000,0.0000,0.0000,2,1360.8106,3621.0705,3621.0705,3242.8204,3242.8204,-0.2328,-0.2328,0.0935,0.0935,0.0000,0.0000,0.0000,0.0000,-3621.0705,-3621.0705,3009.0363,3009.0363,0.0000,0.0000,0.0000,0.0000,0.0000,-8.7208,-8.7208,14.4179,14.4179,40.5924,40.5924,-70.5765,-70.5765,0.0000,-0.5099,13727.7817,0.0000,1.0000,1.0000,0.9279,0.9279,0.0000,0.0000
2.7000,accel,6.2195,0.0000,0.0000,22.2477,6.2487,0.0000,0.0000,1.0000,0.0000,0.0000,2,1187.8059,2612.3123,2612.3123,4261.6072,4261.6072,-0.2502,-0.2502,-0.0489,-0.0489,0.0000,0.0000,0.0000,0.0000,-2612.3123,-2612.3123,-3159.9717,-3159.9717,0.0000,0.0000,0.0000,0.0000,0.0000,-5.9558,-5.9558,10.5429,10.5429,-278.9725,-278.9725,347.4579,347.4579,0.0000,-0.3636,13747.8391,0.0000,1.0000,1.0000,0.7415,0.7415,0.0000,0.0000
2.8000,accel,6.8509,0.0000,0.0000,23.1311,6.3495,0.0000,0.0000,1.0000,0.0000,0.0000,2,1670.8213,4607.0229,4607.0229,2266.3396,2266.3396,0.0838,0.0838,0.2402,0.2402,0.0000,0.0000,0.0000,0.0000,4158.7495,4158.7495,2220.1441,2220.1441,0.0000,0.0000,0.0000,0.0000,0.0000,-3.1392,-3.1392,9.7105,9.7105,379.1576,379.1576,-315.9463,-315.9463,0.0000,-0.2832,13746.7250,0.0000,0.9027,0.9027,0.9796,0.9796,0.0000,0.0000
2.9000,accel,7.5010,0.0000,0.0000,23.6170,6.6140,0.0000,0.0000,1.0000,0.0000,0.0000,2,1289.7353,2574.9116,2574.9116,4296.8270,4296.8270,-0.2002,-0.2002,-0.0245,-0.0245,0.0000,0.0000,0.0000,0.0000,-2574.9116,-2574.9116,-1925.9731,-1925.9731,0.0000,0.0000,0.0000,0.0000,0.0000,-6.8425,-6.8425,13.6379,13.6379,-283.3242,-283.3242,330.5955,330.5955,0.0000,-0.4513,13743.4773,0.0000,1.0000,1.0000,0.4482,0.4482,0.0000,0.0000
3.0000,accel,8.1707,0.0000,0.0000,24.3903,6.7726,0.0000,0.0000,1.0000,0.0000,0.0000,2,1231.7547,3710.5986,3710.5986,3152.7675,3152.7675,0.0736,0.0736,-0.0900,-0.0900,0.0000,0.0000,0.0000,0.0000,3213.4025,3213.4025,-2994.7301,-2994.7301,0.0000,0.0000,0.0000,0.0000,0.0000,-5.8832,-5.8832,12.5649,12.5649,48.0279,48.0279,-83.0700,-83.0700,0.0000,-0.4065,13726.7323,0.0000,0.8660,0.8660,0.9499,0.9499,0.0000,0.0000
3.1000,accel,8.8591,0.0000,0.0000,25.1747,6.9442,0.0000,0.0000,1.0000,0.0000,0.0000,2,1496.8468,4101.4270,4101.4270,2766.5767,2766.5767,0.0246,0.0246,0.0725,0.0725,0.0000,0.0000,0.0000,0.0000,1725.1743,1725.1743,2383.2163,2383.2163,0.0000,0.0000,0.0000,0.0000,0.0000,-5.4379,-5.4379,11.9996,11.9996,199.9056,199.9056,-189.3726,-189.3726,0.0000,-0.3843,13736.0074,0.0000,0.4206,0.4206,0.8614,0.8614,0.0000,0.0000
3.2000,accel,9.5657,0.0000,0.0000,25.8355,7.0963,0.0000,0.0000,1.0000,0.0000,0.0000,2,1677.0507,3819.9011,3819.9011,3043.7594,3043.7594,0.1767,0.1767,0.1540,0.1540,0.0000,0.0000,0.0000,0.0000,3762.4834,3762.4834,2991.1023,2991.1023,0.0000,0.0000,0.0000,0.0000,0.0000,-3.8016,-3.8016,10.9987,10.9987,70.9324,70.9324,-103.0279,-103.0279,0.0000,-0.3262,13727.3212,0.0000,0.9850,0.9850,0.9827,0.9827,0.0000,0.0000
3.3000,accel,10.2923,0.0000,0.0000,26.4480,7.3425,0.0000,0.0000,1.0000,0.0000,0.0000,2,1383.2645,3794.2682,3794.2682,3070.6059,3070.6059,0.0537,0.0537,-0.0575,-0.0575,0.0000,0.0000,0.0000,0.0000,2847.1639,2847.1639,-2482.8594,-2482.8594,0.0000,0.0000,0.0000,0.0000,0.0000,-6.4241,-6.4241,12.6523,12.6523,86.9046,86.9046,-107.1693,-107.1693,0.0000,-0.4204,13729.7482,0.0000,0.7504,0.7504,0.8086,0.8086,0.0000,0.0000
3.4000,accel,11.0383,0.0000,0.0000,27.2206,7.5335,0.0000,0.0000,1.0000,0.0000,0.0000,2,1506.7650,3559.9802,3559.9802,3302.1947,3302.1947,0.0440,0.0440,0.0005,0.0005,0.0000,0.0000,0.0000,0.0000,2366.8327,2366.8327,-18.4681,-18.4681,0.0000,0.0000,0.0000,0.0000,0.0000,-6.2822,-6.2822,12.6390,12.6390,-5.8785,-5.8785,-40.9061,-40.9061,0.0000,-0.4170,13724.3499,0.0000,0.6648,0.6648,0.0056,0.0056,0.0000,0.0000
3.5000,accel,11.8031,0.0000,0.0000,27.7242,7.6921,0.0000,0.0000,1.0000,0.0000,0.0000,1,2355.3051,3918.1586,3918.1586,2948.4487,2948.4487,0.1054,0.1054,-0.1356,-0.1356,0.0000,0.0000,0.0000,0.0000,3720.3780,3720.3780,-2948.4487,-2948.4487,0.0000,0.0000,0.0000,0.0000,0.0000,-5.3034,-5.3034,10.7606,10.7606,125.2531,125.2531,-128.5587,-128.5587,0.0000,-0.3540,13733.2146,0.0000,0.9495,0.9495,1.0000,1.0000,0.0000,0.0000
3.6000,accel,12.5726,0.0000,0.0000,27.7105,7.6903,0.0000,0.0000,1.0000,0.0000,0.0000,1,2368.8228,3849.7078,3849.7078,3016.5295,3016.5295,0.1010,0.1010,-0.1305,-0.1305,0.0000,0.0000,0.0000,0.0000,3628.5332,3628.5332,-3016.5295,-3016.5295,0.0000,0.0000,0.0000,0.0000,0.0000,-1.7381,-1.7381,5.1968,5.1968,62.2196,62.2196,-69.3657,-69.3657,0.0000,-0.1528,13732.4746,0.0000,0.9425,0.9425,1.0000,1.0000,0.0000,0.0000
3.7000,accel,13.3445,0.0000,0.0000,28.2190,7.7861,0.0000,0.0000,1.0000,0.0000,0.0000,1,3302.3118,3451.5368,3451.5368,3414.5193,3414.5193,0.0177,0.0177,0.1646,0.1646,0.0000,0.0000,0.0000,0.0000,1062.9404,1062.9404,3360.8283,3360.8283,0.0000,0.0000,0.0000,0.0000,0.0000,-3.4633,-3.4633,6.6015,6.6015,-56.9972,-56.9972,48.0371,48.0371,0.0000,-0.2218,13732.1121,0.0000,0.3080,0.3080,0.9843,0.9843,0.0000,0.0000
3.8000,accel,14.1558,0.0000,0.0000,30.0970,8.2942,0.0000,0.0000,1.0000,0.0000,0.0000,1,4437.3591,3514.2543,3514.2543,3350.8925,3350.8925,0.0439,0.0439,0.3378,0.3378,0.0000,0.0000,0.0000,0.0000,2335.4121,2335.4121,3234.1442,3234.1442,0.0000,0.0000,0.0000,0.0000,0.0000,-13.7196,-13.7196,18.0483,18.0483,47.8533,47.8533,-65.6304,-65.6304,0.0000,-0.7001,13730.2936,0.0000,0.6646,0.6646,0.9652,0.9652,0.0000,0.0000
3.9000,accel,15.0174,0.0000,0.0000,31.8696,8.7905,0.0000,0.0000,1.0000,0.0000,0.0000,1,6096.4261,3522.6715,3522.6715,3343.3949,3343.3949,0.0372,0.0372,0.4891,0.4891,0.0000,0.0000,0.0000,0.0000,2080.6399,2080.6399,3161.5479,3161.5479,0.0000,0.0000,0.0000,0.0000,0.0000,-17.7457,-17.7457,22.5837,22.5837,91.4815,91.4815,-100.1679,-100.1679,0.0000,-0.8887,13732.1327,0.0000,0.5906,0.5906,0.9456,0.9456,0.0000,0.0000
4.0000,accel,15.9280,0.0000,0.0000,33.6302,9.2782,0.0000,0.0000,1.0000,0.0000,0.0000,1,6664.5891,3533.1668,3533.1668,3333.3240,3333.3240,0.0402,0.0402,0.5068,0.5068,0.0000,0.0000,0.0000,0.0000,2207.6093,2207.6093,3145.3758,3145.3758,0.0000,0.0000,0.0000,0.0000,0.0000,-19.2646,-19.2646,24.3080,24.3080,110.8692,110.8692,-115.3617,-115.3617,0.0000,-0.9602,13732.9817,0.0000,0.6248,0.6248,0.9436,0.9436,0.0000,0.0000
4.1000,accel,16.8874,0.0000,0.0000,35.3906,9.7653,0.0000,0.0000,1.0000,0.0000,0.0000,1,6782.3007,3541.1347,3541.1347,3325.5800,3325.5800,0.0446,0.0446,0.4899,0.4899,0.0000,0.0000,0.0000,0.0000,2375.2952,2375.2952,3144.4202,3144.4202,0.0000,0.0000,0.0000,0.0000,0.0000,-19.8829,-19.8829,25.0008,25.0008,120.2387,120.2387,-122.5227,-122.5227,0.0000,-0.9891,13733.4295,0.0000,0.6708,0.6708,0.9455,0.9455,0.0000,0.0000
4.2000,accel,17.8957,0.0000,0.0000,37.1533,10.2536,0.0000,0.0000,1.0000,0.0000,0.0000,1,6794.0992,3541.9028,3541.9028,3324.9071,3324.9071,0.0476,0.0476,0.4653,0.4653,0.0000,0.0000,0.0000,0.0000,2476.3970,2476.3970,3153.3097,3153.3097,0.0000,0.0000,0.0000,0.0000,0.0000,-20.1806,-20.1806,25.3026,25.3026,123.5233,123.5233,-124.8708,-124.8708,0.0000,-1.0023,13733.6199,0.0000,0.6992,0.6992,0.9484,0.9484,0.0000,0.0000
4.3000,accel,18.9530,0.0000,0.0000,38.9199,10.7439,0.0000,0.0000,1.0000,0.0000,0.0000,1,6779.0058,3537.1214,3537.1214,3329.7169,3329.7169,0.0484,0.0484,0.4385,0.4385,0.0000,0.0000,0.0000,0.0000,2499.6127,2499.6127,3168.6894,3168.6894,0.0000,0.0000,0.0000,0.0000,0.0000,-20.3775,-20.3775,25.4643,25.4643,123.5791,123.5791,-124.6516,-124.6516,0.0000,-1.0102,13733.6766,0.0000,0.7067,0.7067,0.9516,0.9516,0.0000,0.0000
4.4000,accel,20.0595,0.0000,0.0000,40.6921,11.2363,0.0000,0.0000,1.0000,0.0000,0.0000,1,6755.8186,3528.6538,3528.6538,3338.1801,3338.1801,0.0477,0.0477,0.4107,0.4107,0.0000,0.0000,0.0000,0.0000,2470.7175,2470.7175,3188.4594,3188.4594,0.0000,0.0000,0.0000,0.0000,0.0000,-20.5496,-20.5496,25.5765,25.5765,121.9131,121.9131,-123.0352,-123.0352,0.0000,-1.0165,13733.6678,0.0000,0.7002,0.7002,0.9551,0.9551,0.0000,0.0000
4.5000,accel,21.2153,0.0000,0.0000,42.4763,11.7313,0.0000,0.0000,1.0000,0.0000,0.0000,2,2931.0976,3510.2013,3510.2013,3356.5354,3356.5354,0.0463,0.0463,0.1999,0.1999,0.0000,0.0000,0.0000,0.0000,2414.3703,2414.3703,3303.4554,3303.4554,0.0000,0.0000,0.0000,0.0000,0.0000,-20.7443,-20.7443,25.6850,25.6850,116.4794,116.4794,-118.5653,-118.5653,0.0000,-1.0232,13733.4735,0.0000,0.6878,0.6878,0.9842,0.9842,0.0000,0.0000
4.6000,accel,22.3949,0.0000,0.0000,42.4771,11.7895,0.0000,0.0000,1.0000,0.0000,0.0000,2,2195.5029,3897.7524,3897.7524,2969.7162,2969.7162,0.0780,0.0780,-0.0685,-0.0685,0.0000,0.0000,0.0000,0.0000,3443.0599,3443.0599,-2591.5128,-2591.5128,0.0000,0.0000,0.0000,0.0000,0.0000,-8.4706,-8.4706,13.7202,13.7202,148.7626,148.7626,-143.6225,-143.6225,0.0000,-0.4890,13734.9373,0.0000,0.8833,0.8833,0.8726,0.8726,0.0000,0.0000
4.7000,accel,23.5748,0.0000,0.0000,42.7122,11.7920,0.0000,0.0000,1.0000,0.0000,0.0000,2,2575.1147,3784.6198,3784.6198,3081.1312,3081.1312,0.0775,0.0775,0.0846,0.0846,0.0000,0.0000,0.0000,0.0000,3335.9628,3335.9628,2788.7976,2788.7976,0.0000,0.0000,0.0000,0.0000,0.0000,-3.2121,-3.2121,6.8660,6.8660,50.9248,50.9248,-62.8311,-62.8311,0.0000,-0.2221,13731.5020,0.0000,0.8815,0.8815,0.9051,0.9051,0.0000,0.0000
4.8000,accel,24.7732,0.0000,0.0000,43.6038,12.0684,0.0000,0.0000,1.0000,0.0000,0.0000,2,2447.4870,3716.9459,3716.9459,3149.0460,3149.0460,0.0588,0.0588,0.0143,0.0143,0.0000,0.0000,0.0000,0.0000,2924.4761,2924.4761,784.5437,784.5437,0.0000,0.0000,0.0000,0.0000,0.0000,-7.4239,-7.4239,11.3540,11.3540,65.9738,65.9738,-75.4842,-75.4842,0.0000,-0.4138,13731.9838,0.0000,0.7868,0.7868,0.2491,0.2491,0.0000,0.0000
4.9000,accel,25.9972,0.0000,0.0000,44.5264,12.3260,0.0000,0.0000,1.0000,0.0000,0.0000,2,2498.0463,3722.5551,3722.5551,3144.0039,3144.0039,0.0558,0.0558,0.0136,0.0136,0.0000,0.0000,0.0000,0.0000,2853.0306,2853.0306,746.3574,746.3574,0.0000,0.0000,0.0000,0.0000,0.0000,-9.0063,-9.0063,12.9018,12.9018,84.0406,84.0406,-87.9801,-87.9801,0.0000,-0.4828,13733.1179,0.0000,0.7664,0.7664,0.2374,0.2374,0.0000,0.0000
5.0000,accel,27.2470,0.0000,0.0000,45.4632,12.5860,0.0000,0.0000,1.0000,0.0000,0.0000,2,2553.9441,3725.8119,3725.8119,3140.9916,3140.9916,0.0540,0.0540,0.0148,0.0148,0.0000,0.0000,0.0000,0.0000,2803.9021,2803.9021,814.1267,814.1267,0.0000,0.0000,0.0000,0.0000,0.0000,-9.7410,-9.7410,13.6555,13.6555,92.6906,92.6906,-94.2243,-94.2243,0.0000,-0.5156,13733.6070,0.0000,0.7526,0.7526,0.2592,0.2592,0.0000,0.0000
5.1000,accel,28.5231,0.0000,0.0000,46.4119,12.8490,0.0000,0.0000,1.0000,0.0000,0.0000,2,2611.8110,3727.1998,3727.1998,3139.6997,3139.6997,0.0524,0.0524,0.0165,0.0165,0.0000,0.0000,0.0000,0.0000,2760.1611,2760.1611,906.3265,906.3265,0.0000,0.0000,0.0000,0.0000,0.0000,-10.1203,-10.1203,14.0798,14.0798,97.0386,97.0386,-97.6242,-97.6242,0.0000,-0.5333,13733.7990,0.0000,0.7405,0.7405,0.2887,0.2887,0.0000,0.0000
5.2000,accel,29.8257,0.0000,0.0000,47.3720,13.1152,0.0000,0.0000,1.0000,0.0000,0.0000,2,2670.7073,3727.6604,3727.6604,3139.2740,3139.2740,0.0509,0.0509,0.0183,0.0183,0.0000,0.0000,0.0000,0.0000,2714.9207,2714.9207,1000.3854,1000.3854,0.0000,0.0000,0.0000,0.0000,0.0000,-10.3543,-10.3543,14.3674,14.3674,99.5635,99.5635,-99.8005,-99.8005,0.0000,-0.5448,13733.8688,0.0000,0.7283,0.7283,0.3187,0.3187,0.0000,0.0000
5.3000,accel,31.1551,0.0000,0.0000,48.3438,13.3846,0.0000,0.0000,1.0000,0.0000,0.0000,2,2730.5039,3727.1974,3727.1974,3139.7449,3139.7449,0.0494,0.0494,0.0201,0.0201,0.0000,0.0000,0.0000,0.0000,2667.2035,2667.2035,1093.0033,1093.0033,0.0000,0.0000,0.0000,0.0000,0.0000,-10.5319,-10.5319,14.5973,14.5973,101.1541,101.1541,-101.3077,-101.3077,0.0000,-0.5538,13733.8847,0.0000,0.7156,0.7156,0.3481,0.3481,0.0000,0.0000
5.4000,accel,32.5116,0.0000,0.0000,49.3272,13.6573,0.0000,0.0000,1.0000,0.0000,0.0000,2,2791.1499,3725.6314,3725.6314,3141.3059,3141.3059,0.0479,0.0479,0.0218,0.0218,0.0000,0.0000,0.0000,0.0000,2616.8800,2616.8800,1182.9326,1182.9326,0.0000,0.0000,0.0000,0.0000,0.0000,-10.6916,-10.6916,14.8019,14.8019,102.1241,102.1241,-102.3231,-102.3231,0.0000,-0.5618,13733.8746,0.0000,0.7024,0.7024,0.3766,0.3766,0.0000,0.0000
5.5000,accel,33.8957,0.0000,0.0000,50.3226,13.9334,0.0000,0.0000,1.0000,0.0000,0.0000,2,2852.5996,3722.7858,3722.7858,3144.1395,3144.1395,0.0464,0.0464,0.0235,0.0235,0.0000,0.0000,0.0000,0.0000,2563.8000,2563.8000,1269.2789,1269.2789,0.0000,0.0000,0.0000,0.0000,0.0000,-10.8506,-10.8506,14.9945,14.9945,102.5760,102.5760,-102.8891,-102.8891,0.0000,-0.5695,13733.8506,0.0000,0.6887,0.6887,0.4037,0.4037,0.0000,0.0000
5.6000,accel,35.3076,0.0000,0.0000,51.3301,14.2130,0.0000,0.0000,1.0000,0.0000,0.0000,2,2914.8189,3718.5320,3718.5320,3148.3776,3148.3776,0.0449,0.0449,0.0252,0.0252,0.0000,0.0000,0.0000,0.0000,2507.7333,2507.7333,1351.5470,1351.5470,0.0000,0.0000,0.0000,0.0000,0.0000,-11.0170,-11.0170,15.1802,15.1802,102.5387,102.5387,-103.0049,-103.0049,0.0000,-0.5773,13733.8191,0.0000,0.6744,0.6744,0.4293,0.4293,0.0000,0.0000
5.7000,accel,36.7476,0.0000,0.0000,52.3484,14.4958,0.0000,0.0000,1.0000,0.0000,0.0000,2,2976.6585,3712.1180,3712.1180,3154.7682,3154.7682,0.0435,0.0435,0.0265,0.0265,0.0000,0.0000,0.0000,0.0000,2450.3005,2450.3005,1413.5512,1413.5512,0.0000,0.0000,0.0000,0.0000,0.0000,-11.1896,-11.1896,15.3503,15.3503,101.6987,101.6987,-102.3942,-102.3942,0.0000,-0.5849,13733.7725,0.0000,0.6601,0.6601,0.4481,0.4481,0.0000,0.0000
5.8000,accel,38.2161,0.0000,0.0000,53.3761,14.7813,0.0000,0.0000,1.0000,0.0000,0.0000,2,3039.0280,3705.3593,3705.3593,3161.5174,3161.5174,0.0421,0.0421,0.0277,0.0277,0.0000,0.0000,0.0000,0.0000,2390.4938,2390.4938,1471.9265,1471.9265,0.0000,0.0000,0.0000,0.0000,0.0000,-11.3593,-11.3593,15.4930,15.4930,100.6930,100.6930,-101.4848,-101.4848,0.0000,-0.5917,13733.7535,0.0000,0.6451,0.6451,0.4656,0.4656,0.0000,0.0000
5.9000,accel,39.7133,0.0000,0.0000,54.4112,15.0690,0.0000,0.0000,1.0000,0.0000,0.0000,2,3101.9461,3698.8046,3698.8046,3168.0680,3168.0680,0.0406,0.0406,0.0289,0.0289,0.0000,0.0000,0.0000,0.0000,2327.4472,2327.4472,1528.6607,1528.6607,0.0000,0.0000,0.0000,0.0000,0.0000,-11.5124,-11.5124,15.6084,15.6084,99.6015,99.6015,-100.4377,-100.4377,0.0000,-0.5977,13733.7452,0.0000,0.6292,0.6292,0.4825,0.4825,0.0000,0.0000
6.0000,accel,41.2393,0.0000,0.0000,55.4535,15.3586,0.0000,0.0000,1.0000,0.0000,0.0000,2,3165.2802,3691.0208,3691.0208,3175.8412,3175.8412,0.0391,0.0391,0.0300,0.0300,0.0000,0.0000,0.0000,0.0000,2260.3879,2260.3879,1582.8517,1582.8517,0.0000,0.0000,0.0000,0.0000,0.0000,-11.6621,-11.6621,15.7084,15.7084,97.9857,97.9857,-98.9309,-98.9309,0.0000,-0.6032,13733.7240,0.0000,0.6124,0.6124,0.4984,0.4984,0.0000,0.0000
6.1000,accel,42.7944,0.0000,0.0000,56.5028,15.6504,0.0000,0.0000,1.0000,0.0000,0.0000,2,3229.0419,3682.0115,3682.0115,3184.8373,3184.8373,0.0375,0.0375,0.0311,0.0311,0.0000,0.0000,0.0000,0.0000,2188.8886,2188.8886,1634.8822,1634.8822,0.0000,0.0000,0.0000,0.0000,0.0000,-11.8165,-11.8165,15.7990,15.7990,95.9256,95.9256,-97.0077,-97.0077,0.0000,-0.6086,13733.6975,0.0000,0.5945,0.5945,0.5133,0.5133,0.0000,0.0000
6.2000,accel,44.3788,0.0000,0.0000,57.5594,15.9442,0.0000,0.0000,1.0000,0.0000,0.0000,2,3293.2461,3671.7651,3671.7651,3195.0692,3195.0692,0.0359,0.0359,0.0321,0.0321,0.0000,0.0000,0.0000,0.0000,2112.4540,2112.4540,1685.1474,1685.1474,0.0000,0.0000,0.0000,0.0000,0.0000,-11.9789,-11.9789,15.8827,15.8827,93.4506,93.4506,-94.6824,-94.6824,0.0000,-0.6140,13733.6687,0.0000,0.5753,0.5753,0.5274,0.5274,0.0000,0.0000
6.3000,accel,45.9927,0.0000,0.0000,58.6233,16.2402,0.0000,0.0000,1.0000,0.0000,0.0000,2,3357.9103,3660.2533,3660.2533,3206.5660,3206.5660,0.0342,0.0342,0.0332,0.0332,0.0000,0.0000,0.0000,0.0000,2030.5079,2030.5079,1734.0381,1734.0381,0.0000,0.0000,0.0000,0.0000,0.0000,-12.1507,-12.1507,15.9606,15.9606,90.5647,90.5647,-91.9541,-91.9541,0.0000,-0.6195,13733.6386,0.0000,0.5547,0.5547,0.5408,0.5408,0.0000,0.0000
6.4000,accel,47.6363,0.0000,0.0000,59.6944,16.5382,0.0000,0.0000,1.0000,0.0000,0.0000,2,3423.0535,3647.4268,3647.4268,3219.3769,3219.3769,0.0325,0.0325,0.0341,0.0341,0.0000,0.0000,0.0000,0.0000,1942.3711,1942.3711,1781.9349,1781.9349,0.0000,0.0000,0.0000,0.0000,0.0000,-12.3330,-12.3330,16.0330,16.0330,87.2567,87.2567,-88.8107,-88.8107,0.0000,-0.6251,13733.6073,0.0000,0.5325,0.5325,0.5535,0.5535,0.0000,0.0000
6.5000,accel,49.3097,0.0000,0.0000,60.7729,16.8384,0.0000,0.0000,1.0000,0.0000,0.0000,2,3488.6957,3633.2110,3633.2110,3233.5764,3233.5764,0.0307,0.0307,0.0351,0.0351,0.0000,0.0000,0.0000,0.0000,1847.2306,1847.2306,1829.2095,1829.2095,0.0000,0.0000,0.0000,0.0000,0.0000,-12.5263,-12.5263,16.0998,16.0998,83.5033,83.5033,-85.2307,-85.2307,0.0000,-0.6308,13733.5747,0.0000,0.5084,0.5084,0.5657,0.5657,0.0000,0.0000
6.6000,accel,51.0133,0.0000,0.0000,61.8588,17.1407,0.0000,0.0000,1.0000,0.0000,0.0000,2,3554.8587,3617.4997,3617.4997,3249.2703,3249.2703,0.0288,0.0288,0.0361,0.0361,0.0000,0.0000,0.0000,0.0000,1744.0960,1744.0960,1876.2313,1876.2313,0.0000,0.0000,0.0000,0.0000,0.0000,-12.7314,-12.7314,16.1607,16.1607,79.2694,79.2694,-81.1819,-81.1819,0.0000,-0.6367,13733.5400,0.0000,0.4821,0.4821,0.5774,0.5774,0.0000,0.0000
6.7000,accel,52.7472,0.0000,0.0000,62.9520,17.4452,0.0000,0.0000,1.0000,0.0000,0.0000,2,3621.5656,3600.1471,3600.1471,3266.6041,3266.6041,0.0268,0.0268,0.0370,0.0370,0.0000,0.0000,0.0000,0.0000,1631.7399,1631.7399,1923.3787,1923.3787,0.0000,0.0000,0.0000,0.0000,0.0000,-12.9491,-12.9491,16.2153,16.2153,74.5059,74.5059,-76.6195,-76.6195,0.0000,-0.6427,13733.5025,0.0000,0.4532,0.4532,0.5888,0.5888,0.0000,0.0000
6.8000,accel,54.5117,0.0000,0.0000,64.0527,17.7519,0.0000,0.0000,1.0000,0.0000,0.0000,2,3688.8421,3580.9563,3580.9563,3285.7741,3285.7741,0.0247,0.0247,0.0380,0.0380,0.0000,0.0000,0.0000,0.0000,1508.6175,1508.6175,1971.0540,1971.0540,0.0000,0.0000,0.0000,0.0000,0.0000,-13.1808,-13.1808,16.2629,16.2629,69.1463,69.1463,-71.4827,-71.4827,0.0000,-0.6488,13733.4609,0.0000,0.4213,0.4213,0.5999,0.5999,0.0000,0.0000
6.9000,accel,56.3069,0.0000,0.0000,65.1609,18.0608,0.0000,0.0000,1.0000,0.0000,0.0000,2,3756.7171,3559.6651,3559.6651,3307.0419,3307.0419,0.0224,0.0224,0.0389,0.0389,0.0000,0.0000,0.0000,0.0000,1372.7660,1372.7660,2019.7021,2019.7021,0.0000,0.0000,0.0000,0.0000,0.0000,-13.4280,-13.4280,16.3027,16.3027,63.1020,63.1020,-65.6901,-65.6901,0.0000,-0.6552,13733.4140,0.0000,0.3856,0.3856,0.6107,0.6107,0.0000,0.0000
7.0000,accel,58.1330,0.0000,0.0000,66.2765,18.3719,0.0000,0.0000,1.0000,0.0000,0.0000,2,3825.2234,3535.9310,3535.9310,3330.7489,3330.7489,0.0199,0.0199,0.0399,0.0399,0.0000,0.0000,0.0000,0.0000,1221.7054,1221.7054,2069.8281,2069.8281,0.0000,0.0000,0.0000,0.0000,0.0000,-13.6929,-13.6929,16.3334,16.3334,56.2578,56.2578,-59.1358,-59.1358,0.0000,-0.6617,13733.3599,0.0000,0.3455,0.3455,0.6214,0.6214,0.0000,0.0000
7.1000,accel,59.9903,0.0000,0.0000,67.3995,18.6853,0.0000,0.0000,1.0000,0.0000,0.0000,2,3894.3982,3509.3301,3509.3301,3357.3182,3357.3182,0.0172,0.0172,0.0408,0.0408,0.0000,0.0000,0.0000,0.0000,1052.4456,1052.4456,2121.9986,2121.9986,0.0000,0.0000,0.0000,0.0000,0.0000,-13.9784,-13.9784,16.3534,16.3534,48.4718,48.4718,-51.6875,-51.6875,0.0000,-0.6684,13733.2966,0.0000,0.2999,0.2999,0.6321,0.6321,0.0000,0.0000
7.2000,accel,61.8790,0.0000,0.0000,68.5299,19.0009,0.0000,0.0000,1.0000,0.0000,0.0000,2,3964.2779,3479.4212,3479.4212,3387.1905,3387.1905,0.0142,0.0142,0.0418,0.0418,0.0000,0.0000,0.0000,0.0000,861.9886,861.9886,2176.7677,2176.7677,0.0000,0.0000,0.0000,0.0000,0.0000,-14.2875,-14.2875,16.3608,16.3608,39.5994,39.5994,-43.2055,-43.2055,0.0000,-0.6754,13733.2234,0.0000,0.2477,0.2477,0.6426,0.6426,0.0000,0.0000
7.3000,accel,63.7994,0.0000,0.0000,69.6673,19.3188,0.0000,0.0000,1.0000,0.0000,0.0000,2,4034.3975,3446.4892,3446.4892,3420.0875,3420.0875,0.0109,0.0109,0.0427,0.0427,0.0000,0.0000,0.0000,0.0000,650.1035,650.1035,2230.2207,2230.2207,0.0000,0.0000,0.0000,0.0000,0.0000,-14.6188,-14.6188,16.3494,16.3494,29.7397,29.7397,-33.7252,-33.7252,0.0000,-0.6824,13733.1533,0.0000,0.1886,0.1886,0.6521,0.6521,0.0000,0.0000
7.4000,accel,65.7515,0.0000,0.0000,70.8096,19.6382,0.0000,0.0000,1.0000,0.0000,0.0000,2,4104.7570,3412.1926,3412.1926,3454.3617,3454.3617,0.0074,0.0074,0.0436,0.0436,0.0000,0.0000,0.0000,0.0000,426.6377,426.6377,2282.7826,2282.7826,0.0000,0.0000,0.0000,0.0000,0.0000,-14.9528,-14.9528,16.3036,16.3036,19.3610,19.3610,-23.6053,-23.6053,0.0000,-0.6888,13733.1086,0.0000,0.1250,0.1250,0.6608,0.6608,0.0000,0.0000
7.5000,accel,67.7355,0.0000,0.0000,71.9569,19.9588,0.0000,0.0000,1.0000,0.0000,0.0000,2,4175.2953,3379.3783,3379.3783,3487.1828,3487.1828,0.0042,0.0042,0.0444,0.0444,0.0000,0.0000,0.0000,0.0000,216.9869,216.9869,2332.6150,2332.6150,0.0000,0.0000,0.0000,0.0000,0.0000,-15.2830,-15.2830,16.2374,16.2374,9.5375,9.5375,-13.7550,-13.7550,0.0000,-0.6946,13733.1222,0.0000,0.0642,0.0642,0.6689,0.6689,0.0000,0.0000
7.6000,accel,69.7515,0.0000,0.0000,73.1101,20.2805,0.0000,0.0000,1.0000,0.0000,0.0000,2,4245.5987,3354.2924,3354.2924,3512.3349,3512.3349,0.0018,0.0018,0.0451,0.0451,0.0000,0.0000,0.0000,0.0000,63.5287,63.5287,2372.7681,2372.7681,0.0000,0.0000,0.0000,0.0000,0.0000,-15.5826,-15.5826,16.1722,16.1722,2.4990,2.4990,-6.1028,-6.1028,0.0000,-0.6998,13733.2546,0.0000,0.0189,0.0189,0.6756,0.6756,0.0000,0.0000
7.7000,accel,71.7998,0.0000,0.0000,74.2694,20.6032,0.0000,0.0000,1.0000,0.0000,0.0000,2,4315.4320,3340.3606,3340.3606,3526.3988,3526.3988,0.0006,0.0006,0.0456,0.0456,0.0000,0.0000,0.0000,0.0000,-13.7248,-13.7248,2399.5373,2399.5373,0.0000,0.0000,0.0000,0.0000,0.0000,-15.8181,-15.8181,16.1350,16.1350,-0.5136,-0.5136,-1.8188,-1.8188,0.0000,-0.7041,13733.5189,0.0000,0.0041,0.0041,0.6804,0.6804,0.0000,0.0000
7.8000,accel,73.8803,0.0000,0.0000,75.4343,20.9269,0.0000,0.0000,1.0000,0.0000,0.0000,2,4385.0196,3334.3569,3334.3569,3532.5196,3532.5196,0.0002,0.0002,0.0460,0.0460,0.0000,0.0000,0.0000,0.0000,-38.8246,-38.8246,2416.8264,2416.8264,0.0000,0.0000,0.0000,0.0000,0.0000,-15.9785,-15.9785,16.1412,16.1412,-1.0831,-1.0831,-0.1146,-0.1146,0.0000,-0.7078,13733.7530,0.0000,0.0116,0.0116,0.6842,0.6842,0.0000,0.0000
7.9000,accel,75.9933,0.0000,0.0000,76.6042,21.2518,0.0000,0.0000,1.0000,0.0000,0.0000,2,4454.7147,3331.4349,3331.4349,3535.5139,3535.5139,0.0001,0.0001,0.0463,0.0463,0.0000,0.0000,0.0000,0.0000,-44.1168,-44.1168,2430.4289,2430.4289,0.0000,0.0000,0.0000,0.0000,0.0000,-16.0989,-16.0989,16.1885,16.1885,-1.0581,-1.0581,0.5643,0.5643,0.0000,-0.7115,13733.8977,0.0000,0.0132,0.0132,0.6874,0.6874,0.0000,0.0000
8.0000,cruise,78.1389,0.0000,0.0000,77.7785,21.5779,0.0000,0.0000,0.6110,0.0000,0.0000,2,4524.0237,3329.8042,3329.8042,3537.1684,3537.1684,0.0001,0.0001,0.0465,0.0465,0.0000,0.0000,0.0000,0.0000,-44.8887,-44.8887,2438.1851,2438.1851,0.0000,0.0000,0.0000,0.0000,0.0000,-16.1987,-16.1987,16.2564,16.2564,-0.8112,-0.8112,0.5477,0.5477,0.0000,-0.7152,13733.9452,0.0000,0.0135,0.0135,0.6893,0.6893,0.0000,0.0000
8.1000,cruise,80.3101,0.0000,0.0000,78.4475,21.7775,0.0000,0.0000,0.5112,0.0000,0.0000,2,4451.9265,3524.5746,3524.5746,3342.8452,3342.8452,0.0004,0.0004,0.0221,0.0221,0.0000,0.0000,0.0000,0.0000,-29.3090,-29.3090,1273.4184,1273.4184,0.0000,0.0000,0.0000,0.0000,0.0000,-12.1445,-12.1445,13.0203,13.0203,36.2309,36.2309,-32.0150,-32.0150,0.0000,-0.5546,13734.8397,0.0000,0.0083,0.0083,0.3809,0.3809,0.0000,0.0000
8.2000,cruise,82.4975,0.0000,0.0000,78.9802,21.9276,0.0000,0.0000,0.4362,0.0000,0.0000,2,4467.8163,3555.3102,3555.3102,3311.5901,3311.5901,0.0005,0.0005,0.0189,0.0189,0.0000,0.0000,0.0000,0.0000,-20.5816,-20.5816,1086.7344,1086.7344,0.0000,0.0000,0.0000,0.0000,0.0000,-9.4146,-9.4146,10.3831,10.3831,21.2257,21.2257,-22.1076,-22.1076,0.0000,-0.4363,13733.8006,0.0000,0.0058,0.0058,0.3282,0.3282,0.0000,0.0000
8.3000,cruise,84.6983,0.0000,0.0000,79.4269,22.0535,0.0000,0.0000,0.3733,0.0000,0.0000,2,4481.3632,3581.2352,3581.2352,3285.5759,3285.5759,0.0005,0.0005,0.0162,0.0162,0.0000,0.0000,0.0000,0.0000,-16.2992,-16.2992,930.5432,930.5432,0.0000,0.0000,0.0000,0.0000,0.0000,-7.6958,-7.6958,8.5128,8.5128,14.4079,14.4079,-16.1813,-16.1813,0.0000,-0.3572,13733.6223,0.0000,0.0046,0.0046,0.2832,0.2832,0.0000,0.0000
8.4000,cruise,86.9104,0.0000,0.0000,79.8012,22.1590,0.0000,0.0000,0.3205,0.0000,0.0000,2,4492.8010,3603.1066,3603.1066,3263.7264,3263.7264,0.0006,0.0006,0.0140,0.0140,0.0000,0.0000,0.0000,0.0000,-13.4209,-13.4209,799.5476,799.5476,0.0000,0.0000,0.0000,0.0000,0.0000,-6.4635,-6.4635,7.1108,7.1108,10.8336,10.8336,-12.4098,-12.4098,0.0000,-0.2991,13733.6659,0.0000,0.0037,0.0037,0.2450,0.2450,0.0000,0.0000
8.5000,cruise,89.1319,0.0000,0.0000,80.1149,22.2475,0.0000,0.0000,0.2763,0.0000,0.0000,2,4502.3979,3621.5322,3621.5322,3245.3394,3245.3394,0.0006,0.0006,0.0122,0.0122,0.0000,0.0000,0.0000,0.0000,-11.1795,-11.1795,689.4994,689.4994,0.0000,0.0000,0.0000,0.0000,0.0000,-5.5065,-5.5065,6.0161,6.0161,8.6338,8.6338,-9.8440,-9.8440,0.0000,-0.2539,13733.7432,0.0000,0.0031,0.0031,0.2125,0.2125,0.0000,0.0000
8.6000,cruise,91.3614,0.0000,0.0000,80.3776,22.3215,0.0000,0.0000,0.2392,0.0000,0.0000,2,4510.4005,3637.0788,3637.0788,3229.8252,3229.8252,0.0007,0.0007,0.0107,0.0107,0.0000,0.0000,0.0000,0.0000,-9.3388,-9.3388,596.8477,596.8477,0.0000,0.0000,0.0000,0.0000,0.0000,-4.7301,-4.7301,5.1363,5.1363,7.0890,7.0890,-7.9919,-7.9919,0.0000,-0.2174,13733.8079,0.0000,0.0026,0.0026,0.1848,0.1848,0.0000,0.0000
8.7000,cruise,93.5975,0.0000,0.0000,80.5974,22.3835,0.0000,0.0000,0.2083,0.0000,0.0000,2,4517.0970,3650.0894,3650.0894,3216.8375,3216.8375,0.0007,0.0007,0.0094,0.0094,0.0000,0.0000,0.0000,0.0000,-7.8115,-7.8115,519.3574,519.3574,0.0000,0.0000,0.0000,0.0000,0.0000,-4.0889,-4.0889,4.4172,4.4172,5.8807,5.8807,-6.5661,-6.5661,0.0000,-0.1874,13733.8537,0.0000,0.0021,0.0021,0.1614,0.1614,0.0000,0.0000
8.8000,cruise,95.8392,0.0000,0.0000,80.7813,22.4353,0.0000,0.0000,0.1823,0.0000,0.0000,2,4522.6954,3660.9766,3660.9766,3205.9664,3205.9664,0.0007,0.0007,0.0083,0.0083,0.0000,0.0000,0.0000,0.0000,-6.5372,-6.5372,454.5290,454.5290,0.0000,0.0000,0.0000,0.0000,0.0000,-3.5555,-3.5555,3.8239,3.8239,4.9014,4.9014,-5.4345,-5.4345,0.0000,-0.1626,13733.8860,0.0000,0.0018,0.0018,0.1418,0.1418,0.0000,0.0000
8.9000,cruise,98.0855,0.0000,0.0000,80.9353,22.4788,0.0000,0.0000,0.1606,0.0000,0.0000,2,4527.3737,3670.0875,3670.0875,3196.8671,3196.8671,0.0007,0.0007,0.0074,0.0074,0.0000,0.0000,0.0000,0.0000,-5.4718,-5.4718,400.2838,400.2838,0.0000,0.0000,0.0000,0.0000,0.0000,-3.1103,-3.1103,3.3316,3.3316,4.0941,4.0941,-4.5181,-4.5181,0.0000,-0.1420,13733.9092,0.0000,0.0015,0.0015,0.1252,0.1252,0.0000,0.0000
9.0000,cruise,100.3357,0.0000,0.0000,81.0643,22.5151,0.0000,0.0000,0.1424,0.0000,0.0000,2,4531.2824,3677.7124,3677.7124,3189.2508,3189.2508,0.0007,0.0007,0.0067,0.0067,0.0000,0.0000,0.0000,0.0000,-4.5806,-4.5806,354.8879,354.8879,0.0000,0.0000,0.0000,0.0000,0.0000,-2.7382,-2.7382,2.9217,2.9217,3.4234,3.4234,-3.7664,-3.7664,0.0000,-0.1247,13733.9264,0.0000,0.0012,0.0012,0.1113,0.1113,0.0000,0.0000
9.1000,cruise,102.5891,0.0000,0.0000,81.1722,22.5455,0.0000,0.0000,0.1272,0.0000,0.0000,2,4534.5483,3684.0943,3684.0943,3182.8755,3182.8755,0.0007,0.0007,0.0061,0.0061,0.0000,0.0000,0.0000,0.0000,-3.8347,-3.8347,316.8933,316.8933,0.0000,0.0000,0.0000,0.0000,0.0000,-2.4270,-2.4270,2.5797,2.5797,2.8641,2.8641,-3.1449,-3.1449,0.0000,-0.1103,13733.9397,0.0000,0.0010,0.0010,0.0996,0.0996,0.0000,0.0000
9.2000,cruise,104.8453,0.0000,0.0000,81.2625,22.5710,0.0000,0.0000,0.1145,0.0000,0.0000,2,4537.2772,3689.4362,3689.4362,3177.5388,3177.5388,0.0007,0.0007,0.0055,0.0055,0.0000,0.0000,0.0000,0.0000,-3.2104,-3.2104,285.0907,285.0907,0.0000,0.0000,0.0000,0.0000,0.0000,-2.1666,-2.1666,2.2940,2.2940,2.3968,2.3968,-2.6287,-2.6287,0.0000,-0.0983,13733.9502,0.0000,0.0009,0.0009,0.0897,0.0897,0.0000,0.0000
9.3000,cruise,107.1037,0.0000,0.0000,81.3382,22.5923,0.0000,0.0000,0.1038,0.0000,0.0000,2,4539.5579,3693.9079,3693.9079,3173.0714,3173.0714,0.0008,0.0008,0.0051,0.0051,0.0000,0.0000,0.0000,0.0000,-2.6879,-2.6879,258.4691,258.4691,0.0000,0.0000,0.0000,0.0000,0.0000,-1.9487,-1.9487,2.0550,2.0550,2.0061,2.0061,-2.1985,-2.1985,0.0000,-0.0882,13733.9587,0.0000,0.0007,0.0007,0.0815,0.0815,0.0000,0.0000
9.4000,cruise,109.3641,0.0000,0.0000,81.4015,22.6102,0.0000,0.0000,0.0949,0.0000,0.0000,2,4541.4644,3697.6513,3697.6513,3169.3315,3169.3315,0.0008,0.0008,0.0047,0.0047,0.0000,0.0000,0.0000,0.0000,-2.2504,-2.2504,236.1832,236.1832,0.0000,0.0000,0.0000,0.0000,0.0000,-1.7663,-1.7663,1.8552,1.8552,1.6792,1.6792,-1.8394,-1.8394,0.0000,-0.0798,13733.9656,0.0000,0.0006,0.0006,0.0745,0.0745,0.0000,0.0000
9.5000,cruise,111.6261,0.0000,0.0000,81.4546,22.6251,0.0000,0.0000,0.0874,0.0000,0.0000,2,4543.0583,3700.7852,3700.7852,3166.2005,3166.2005,0.0008,0.0008,0.0044,0.0044,0.0000,0.0000,0.0000,0.0000,-1.8842,-1.8842,217.5261,217.5261,0.0000,0.0000,0.0000,0.0000,0.0000,-1.6136,-1.6136,1.6879,1.6879,1.4057,1.4057,-1.5394,-1.5394,0.0000,-0.0728,13733.9713,0.0000,0.0005,0.0005,0.0687,0.0687,0.0000,0.0000
9.6000,cruise,113.8894,0.0000,0.0000,81.4990,22.6377,0.0000,0.0000,0.0812,0.0000,0.0000,2,4544.3912,3703.4089,3703.4089,3163.5791,3163.5791,0.0008,0.0008,0.0042,0.0042,0.0000,0.0000,0.0000,0.0000,-1.5776,-1.5776,201.9063,201.9063,0.0000,0.0000,0.0000,0.0000,0.0000,-1.4857,-1.4857,1.5480,1.5480,1.1768,1.1768,-1.2885,-1.2885,0.0000,-0.0669,13733.9760,0.0000,0.0004,0.0004,0.0638,0.0638,0.0000,0.0000
9.7000,cruise,116.1538,0.0000,0.0000,81.5361,22.6481,0.0000,0.0000,0.0759,0.0000,0.0000,2,4545.5060,3705.6055,3705.6055,3161.3845,3161.3845,0.0008,0.0008,0.0039,0.0039,0.0000,0.0000,0.0000,0.0000,-1.3209,-1.3209,188.8290,188.8290,0.0000,0.0000,0.0000,0.0000,0.0000,-1.3787,-1.3787,1.4308,1.4308,0.9852,0.9852,-1.0786,-1.0786,0.0000,-0.0619,13733.9799,0.0000,0.0004,0.0004,0.0597,0.0597,0.0000,0.0000
9.8000,cruise,118.4192,0.0000,0.0000,81.5673,22.6569,0.0000,0.0000,0.0715,0.0000,0.0000,2,4546.4385,3707.4446,3707.4446,3159.5470,3159.5470,0.0008,0.0008,0.0038,0.0038,0.0000,0.0000,0.0000,0.0000,-1.1060,-1.1060,177.8801,177.8801,0.0000,0.0000,0.0000,0.0000,0.0000,-1.2891,-1.2891,1.3327,1.3327,0.8249,0.8249,-0.9030,-0.9030,0.0000,-0.0578,13733.9832,0.0000,0.0003,0.0003,0.0563,0.0563,0.0000,0.0000
9.9000,cruise,120.6854,0.0000,0.0000,81.5933,22.6643,0.0000,0.0000,0.0679,0.0000,0.0000,2,4547.2186,3708.9844,3708.9844,3158.0086,3158.0086,0.0008,0.0008,0.0036,0.0036,0.0000,0.0000,0.0000,0.0000,-0.9261,-0.9261,168.7129,168.7129,0.0000,0.0000,0.0000,0.0000,0.0000,-1.2141,-1.2141,1.2506,1.2506,0.6906,0.6906,-0.7560,-0.7560,0.0000,-0.0543,13733.9860,0.0000,0.0002,0.0002,0.0534,0.0534,0.0000,0.0000
10.0000,step,122.9522,0.0000,0.0000,81.6152,22.6704,0.0000,0.0000,0.0648,0.0000,1.5000,2,4547.8714,3710.2737,3710.2737,3156.7204,3156.7204,0.0008,0.0008,0.0035,0.0035,0.0000,0.0000,0.0000,0.0000,-0.7754,-0.7754,161.0375,161.0375,0.0000,0.0000,0.0000,0.0000,0.0000,-1.1513,-1.1513,1.1818,1.1818,0.5782,0.5782,-0.6329,-0.6329,0.0000,-0.0514,13733.9882,0.0000,0.0002,0.0002,0.0510,0.0510,0.0000,13.0791
10.1000,step,125.2194,0.0071,0.2308,81.6221,22.6728,0.0520,4.4597,0.0636,0.0000,1.5000,2,4548.2624,3324.9060,4093.1769,2878.0220,3441.4668,0.0009,0.0003,0.0042,0.0027,-1.1560,-1.1577,-0.1279,-0.1273,4.2964,-36.0528,188.0571,123.7781,920.8368,1096.9384,62.4306,73.3809,0.1567,-5.2425,4.2431,-1.8896,5.0506,-80.4693,99.7953,-58.3220,74.3245,0.3036,-0.0458,13737.5716,1.0293,0.2770,0.2681,0.0688,0.0418,291.2893,13.0805
10.2000,step,127.4867,0.0300,0.8685,81.6253,22.6750,-0.0244,7.7070,0.0625,0.0000,1.5000,2,4548.4866,2996.2169,4393.8693,2660.3228,3685.5919,0.0008,-0.0018,0.0049,0.0019,-1.1715,-1.1744,-0.5390,-0.5342,1.1706,-212.1462,206.8721,80.4353,804.6450,1157.7309,294.5831,400.0946,0.1930,-14.8770,15.5803,-8.9769,13.3535,-105.5624,106.7006,-69.8985,88.9455,0.9756,-0.0405,13736.0009,0.6363,0.2686,0.2679,0.1353,0.1107,168.5710,13.0817
10.3000,step,129.7537,0.0727,1.7491,81.5978,22.6822,-0.1470,9.3627,0.0589,0.0000,1.5000,2,4539.3497,2600.2257,4378.8506,2723.2741,4031.8562,0.0000,-0.0306,0.0060,-0.0038,-1.3731,-1.3745,-0.9851,-0.9739,-36.6521,-2352.4795,268.3711,-351.2168,858.0720,1385.5136,545.5289,803.8398,0.2571,-24.4622,25.0697,-15.5990,20.9303,-150.2372,5.7988,-4.6114,151.6836,1.5906,-0.0520,13734.2065,0.3943,0.3303,0.6235,0.2232,0.2176,138.8050,13.0859
10.4000,step,132.0200,0.1415,2.7666,81.5778,22.6837,-0.2593,10.3032,0.0582,0.0000,1.5000,2,4518.0444,2355.2894,4349.3089,2782.8392,4248.2530,-0.0005,-0.0402,0.0077,-0.0150,-1.5960,-1.5947,-1.3472,-1.3298,-57.3644,-2847.9854,363.5625,-1239.8682,948.1693,1633.5289,744.2846,1146.6566,0.3203,-31.4261,32.1620,-20.2243,26.8369,-170.4768,-54.9574,63.6229,179.1762,2.0451,-0.0648,13735.6906,0.2569,0.4033,0.7549,0.2977,0.3975,126.1437,13.0867
10.5000,step,134.2848,0.2427,3.8628,81.5620,22.6795,-0.3473,10.8812,0.0603,0.0000,1.5000,2,4515.3126,2276.7582,4384.5599,2762.9788,4310.6688,-0.0005,-0.0421,0.0079,-0.0160,-1.7864,-1.7825,-1.6125,-1.5905,-56.5665,-2960.3783,372.4343,-1336.4959,1032.7732,1843.0593,882.2735,1396.3898,0.3698,-35.8335,37.0186,-23.2536,30.7104,-161.4327,-79.5760,85.9713,165.4075,2.3439,-0.0691,13734.9656,0.1830,0.4543,0.7953,0.3466,0.4484,119.4207,13.0843
10.6000,step,136.5472,0.3810,5.0021,81.5427,22.6737,-0.4110,11.1879,0.0631,0.0000,1.5000,2,4513.7502,2235.6954,4403.4354,2752.2657,4343.1147,-0.0005,-0.0430,0.0083,-0.0166,-1.9310,-1.9249,-1.7973,-1.7721,-55.7990,-3017.4652,389.1232,-1386.6431,1098.8030,1998.0664,976.5848,1568.0793,0.4052,-38.5931,40.0070,-25.1296,33.0976,-153.4532,-95.5285,100.4458,154.5141,2.5289,-0.0722,13734.5112,0.1433,0.4921,0.8219,0.3820,0.4820,116.1173,13.0810
10.7000,step,138.8062,0.5596,6.1638,81.5216,22.6674,-0.4547,11.3398,0.0663,0.0000,1.5000,2,4512.6318,2214.4134,4411.8056,2747.9733,4360.0583,-0.0005,-0.0435,0.0087,-0.0169,-2.0332,-2.0256,-1.9201,-1.8928,-55.3744,-3044.8651,409.2776,-1417.8223,1146.6997,2104.8354,1039.1782,1680.4682,0.4291,-40.2378,41.7344,-26.2119,34.5098,-147.7864,-105.4756,109.5522,147.1689,2.6373,-0.0749,13734.2507,0.1230,0.5184,0.8390,0.4064,0.5043,114.5300,13.0774
10.8000,step,141.0608,0.7808,7.3361,81.5005,22.6611,-0.4832,11.4051,0.0694,0.0000,1.5000,2,4511.7936,2204.1959,4414.3914,2747.1760,4368.3381,-0.0005,-0.0437,0.0091,-0.0171,-2.1018,-2.0932,-1.9982,-1.9696,-55.1601,-3056.2242,430.1650,-1437.8001,1179.8148,2174.6173,1079.5460,1750.9974,0.4447,-41.1720,42.6652,-26.7871,35.3130,-144.0327,-111.3856,114.9850,142.4497,2.6973,-0.0775,13734.1016,0.1136,0.5358,0.8497,0.4230,0.5187,113.8425,13.0737
10.9000,step,143.3101,1.0459,8.5124,81.4805,22.6552,-0.5009,11.4235,0.0724,0.0000,1.5000,2,4511.1469,2200.0733,4413.9567,2748.1520,4371.8339,-0.0005,-0.0438,0.0095,-0.0173,-2.1457,-2.1364,-2.0454,-2.0161,-55.0666,-3059.0530,450.1619,-1450.9730,1201.7924,2218.0008,1104.7089,1793.2113,0.4544,-41.6721,43.1157,-27.0548,35.7479,-141.6382,-114.7272,118.0533,139.4981,2.7278,-0.0799,13734.0159,0.1103,0.5468,0.8560,0.4341,0.5276,113.6300,13.0703
11.0000,step,145.5532,1.3559,9.6893,81.4624,22.6499,-0.5112,11.4178,0.0751,0.0000,1.5000,2,4510.6388,2199.1837,4412.0964,2749.9106,4372.7756,-0.0005,-0.0438,0.0099,-0.0174,-2.1722,-2.1625,-2.0722,-2.0424,-55.0387,-3057.5818,468.3947,-1459.9169,1215.7646,2243.4105,1119.6954,1816.8976,0.4601,-41.9163,43.2888,-27.1455,35.9669,-140.1482,-116.4955,119.6631,137.6857,2.7413,-0.0821,13733.9664,0.1101,0.5534,0.8595,0.4414,0.5330,113.6595,13.0672
11.1000,step,147.7891,1.7110,10.8651,81.4463,22.6452,-0.5167,11.4013,0.0774,0.0000,1.5000,2,4510.2348,2199.8866,4409.7076,2751.9012,4372.4422,-0.0005,-0.0438,0.0102,-0.0175,-2.1871,-2.1772,-2.0858,-2.0558,-55.0436,-3054.1924,484.4813,-1466.1793,1224.1942,2257.0613,1128.0429,1828.8621,0.4632,-42.0153,43.3105,-27.1402,36.0630,-139.2400,-117.3327,120.4070,136.5907,2.7452,-0.0840,13733.9376,0.1113,0.5570,0.8612,0.4461,0.5361,113.8009,13.0646
11.2000,step,150.0169,2.1115,12.0392,81.4324,22.6412,-0.5192,11.3811,0.0794,0.0000,1.5000,2,4509.9111,2201.2614,4407.2714,2753.8351,4371.5529,-0.0005,-0.0437,0.0105,-0.0176,-2.1945,-2.1845,-2.0913,-2.0613,-55.0629,-3050.1931,498.3477,-1470.7046,1228.9225,2263.3296,1132.1946,1833.7025,0.4646,-42.0362,43.2561,-27.0881,36.0925,-138.6979,-117.6401,120.6586,135.9406,2.7442,-0.0858,13733.9209,0.1132,0.5588,0.8618,0.4492,0.5377,113.9825,13.0623
11.3000,step,152.2356,2.5573,13.2113,81.4206,22.6379,-0.5199,11.3611,0.0811,0.0000,1.5000,2,4509.6502,2202.8135,4405.0238,2755.5772,4370.4965,-0.0005,-0.0437,0.0107,-0.0176,-2.1973,-2.1874,-2.0922,-2.0622,-55.0865,-3046.2633,510.0997,-1474.0759,1231.2736,2265.1858,1133.8019,1834.4387,0.4651,-42.0184,43.1693,-27.0172,36.0880,-138.3820,-117.6624,120.6471,135.5625,2.7408,-0.0873,13733.9111,0.1152,0.5595,0.8618,0.4512,0.5385,114.1666,13.0603
11.4000,step,154.4446,3.0483,14.3815,81.4108,22.6351,-0.5196,11.3431,0.0825,0.0000,1.5000,2,4509.4402,2204.3022,4403.0687,2757.0719,4369.4626,-0.0005,-0.0436,0.0109,-0.0176,-2.1976,-2.1876,-2.0905,-2.0607,-55.1095,-3042.7207,519.4693,-1475.9275,1232.1664,2264.5776,1133.9500,1832.9935,0.4650,-41.9841,43.0743,-26.9433,36.0684,-138.2015,-117.5426,120.5056,135.3454,2.7367,-0.0885,13733.9053,0.1170,0.5595,0.8614,0.4524,0.5386,114.3333,13.0587
11.5000,step,156.6427,3.5842,15.5502,81.4026,22.6328,-0.5188,11.3290,0.0836,0.0000,1.5000,2,4509.2888,2205.6741,4401.6137,2758.1462,4368.4660,-0.0005,-0.0436,0.0110,-0.0176,-2.1964,-2.1865,-2.0878,-2.0581,-55.1242,-3039.8215,525.5693,-1474.2472,1232.1894,2262.7792,1133.3360,1830.6275,0.4647,-41.9470,42.9847,-26.8754,36.0441,-138.0743,-117.3179,120.2568,135.1897,2.7327,-0.0896,13733.9000,0.1185,0.5592,0.8609,0.4529,0.5380,114.4641,13.0574
11.6000,step,158.8293,4.1649,16.7176,81.3958,22.6308,-0.5179,11.3180,0.0846,0.0000,1.5000,2,4509.1636,2206.7261,4400.4726,2758.9916,4367.7076,-0.0005,-0.0435,0.0111,-0.0176,-2.1947,-2.1848,-2.0850,-2.0552,-55.1341,-3037.5610,530.5862,-1472.8987,1231.7583,2260.5766,1132.4359,1828.1014,0.4643,-41.9144,42.9072,-26.8177,36.0215,-138.0068,-117.0904,120.0176,135.1118,2.7291,-0.0905,13733.8979,0.1196,0.5587,0.8605,0.4533,0.5375,114.5653,13.0563
11.7000,step,161.0035,4.7900,17.8841,81.3902,22.6293,-0.5170,11.3096,0.0854,0.0000,1.5000,2,4509.0596,2207.5223,4399.5745,2759.6610,4367.1393,-0.0005,-0.0435,0.0112,-0.0176,-2.1929,-2.1830,-2.0822,-2.0526,-55.1410,-3035.8024,534.7049,-1471.8522,1231.1546,2258.3918,1131.4935,1825.7460,0.4638,-41.8879,42.8432,-26.7703,36.0029,-137.9686,-116.8898,119.8111,135.0706,2.7262,-0.0912,13733.8971,0.1205,0.5583,0.8600,0.4535,0.5370,114.6430,13.0553
11.8000,step,163.1642,5.4593,19.0498,81.3856,22.6280,-0.5162,11.3030,0.0860,0.0000,1.5000,2,4508.9734,2208.1247,4398.8670,2760.1916,4366.7134,-0.0005,-0.0435,0.0112,-0.0176,-2.1912,-2.1813,-2.0799,-2.0502,-55.1458,-3034.4332,538.0801,-1471.0388,1230.5271,2256.4175,1130.6230,1823.6920,0.4634,-41.8673,42.7915,-26.7320,35.9884,-137.9440,-116.7230,119.6408,135.0456,2.7239,-0.0918,13733.8968,0.1212,0.5578,0.8596,0.4536,0.5366,114.7027,13.0546
11.9000,step,165.3108,6.1724,20.2150,81.3819,22.6269,-0.5155,11.2980,0.0865,0.0000,1.5000,2,4508.9022,2208.5826,4398.3076,2760.6136,4366.3928,-0.0005,-0.0435,0.0113,-0.0176,-2.1897,-2.1799,-2.0779,-2.0483,-55.1490,-3033.3630,540.8436,-1470.4037,1229.9469,2254.7210,1129.8682,1821.9670,0.4631,-41.8515,42.7502,-26.7014,35.9774,-137.9259,-116.5882,119.5036,135.0276,2.7221,-0.0923,13733.8966,0.1217,0.5575,0.8593,0.4538,0.5362,114.7488,13.0540
12.0000,step,167.4424,6.9290,21.3798,81.3788,22.6260,-0.5149,11.2940,0.0870,0.0000,1.5000,2,4508.8435,2208.9334,4397.8633,2760.9505,4366.1493,-0.0005,-0.0435,0.0113,-0.0176,-2.1885,-2.1787,-2.0762,-2.0467,-55.1511,-3032.5217,543.1056,-1469.9045,1229.4417,2253.3050,1129.2367,1820.5499,0.4628,-41.8395,42.7174,-26.6770,35.9691,-137.9110,-116.4808,119.3944,135.0129,2.7207,-0.0927,13733.8965,0.1221,0.5571,0.8591,0.4538,0.5359,114.7845,13.0535
12.1000,step,169.5580,7.7288,22.5442,81.3763,22.6253,-0.5145,11.2909,0.0873,0.0000,1.5000,2,4508.7951,2209.2047,4397.5083,2761.2208,4365.9625,-0.0005,-0.0434,0.0114,-0.0176,-2.1874,-2.1776,-2.0749,-2.0454,-55.1525,-3031.8559,544.9574,-1469.5093,1229.0168,2252.1433,1128.7194,1819.4002,0.4626,-41.8305,42.6913,-26.6575,35.9629,-137.8982,-116.3958,119.3077,134.9999,2.7196,-0.0930,13733.8963,0.1224,0.5569,0.8589,0.4539,0.5357,114.8126,13.0531
12.2000,step,171.6569,8.5715,23.7083,81.3742,22.6248,-0.5141,11.2884,0.0876,0.0000,1.5000,2,4508.7553,2209.4168,4397.2233,2761.4387,4365.8174,-0.0005,-0.0434,0.0114,-0.0176,-2.1866,-2.1768,-2.0738,-2.0443,-55.1535,-3031.3252,546.4739,-1469.1942,1228.6665,2251.1995,1128.3004,1818.4736,0.4624,-41.8236,42.6705,-26.6419,35.9583,-137.8868,-116.3284,119.2390,134.9883,2.7187,-0.0933,13733.8962,0.1227,0.5567,0.8587,0.4540,0.5355,114.8347,13.0527
12.3000,step,173.7382,9.4566,24.8722,81.3725,22.6243,-0.5138,11.2865,0.0879,0.0000,1.5000,2,4508.7226,2209.5842,4396.9933,2761.6150,4365.7035,-0.0005,-0.0434,0.0114,-0.0176,-2.1859,-2.1762,-2.0729,-2.0435,-55.1541,-3030.8996,547.7163,-1468.9412,1228.3812,2250.4365,1127.9632,1817.7285,0.4622,-41.8183,42.6538,-26.6294,35.9548,-137.8768,-116.2750,119.1843,134.9778,2.7180,-0.0935,13733.8960,0.1229,0.5565,0.8585,0.4541,0.5353,114.8523,13.0525
12.4000,step,175.8010,10.3838,26.0359,81.3711,22.6239,-0.5135,11.2849,0.0881,0.0000,1.5000,2,4508.6957,2209.7176,4396.8069,2761.7582,4365.6132,-0.0005,-0.0434,0.0114,-0.0176,-2.1854,-2.1756,-2.0722,-2.0428,-55.1545,-3030.5563,548.7346,-1468.7369,1228.1501,2249.8207,1127.6923,1817.1293,0.4621,-41.8142,42.6404,-26.6193,35.9521,-137.8679,-116.2324,119.1406,134.9685,2.7174,-0.0937,13733.8959,0.1230,0.5564,0.8584,0.4541,0.5352,114.8664,13.0522
12.5000,step,177.8445,11.3527,27.1995,81.3700,22.6236,-0.5133,11.2836,0.0882,0.0000,1.5000,2,4508.6737,2209.8248,4396.6553,2761.8748,4365.5408,-0.0005,-0.0434,0.0114,-0.0176,-2.1850,-2.1752,-2.0717,-2.0422,-55.1548,-3030.2780,549.5697,-1468.5711,1227.9636,2249.3235,1127.4745,1816.6468,0.4620,-41.8110,42.6296,-26.6112,35.9500,-137.8603,-116.1983,119.1056,134.9604,2.7170,-0.0939,13733.8958,0.1231,0.5562,0.8583,0.4541,0.5351,114.8778,13.0521
12.6000,step,179.8679,12.3629,28.3630,81.3690,22.6233,-0.5132,11.2826,0.0883,0.0000,1.5000,2,4508.6555,2209.9114,4396.5317,2761.9701,4365.4825,-0.0005,-0.0434,0.0115,-0.0176,-2.1846,-2.1749,-2.0712,-2.0418,-55.1550,-3030.0516,550.2546,-1468.4361,1227.8129,2248.9216,1127.2992,1816.2572,0.4619,-41.8084,42.6208,-26.6045,35.9484,-137.8537,-116.1708,119.0774,134.9533,2.7166,-0.0940,13733.8957,0.1232,0.5562,0.8583,0.4542,0.5350,114.8871,13.0519
12.7000,step,181.8703,13.4140,29.5264,81.3683,22.6231,-0.5130,11.2817,0.0885,0.0000,1.5000,2,4508.6406,2209.9818,4396.4306,2762.0480,4365.4351,-0.0005,-0.0434,0.0115,-0.0176,-2.1843,-2.1746,-2.0708,-2.0414,-55.1552,-3029.8669,550.8167,-1468.3258,1227.6912,2248.5960,1127.1577,1815.9419,0.4618,-41.8064,42.6136,-26.5991,35.9471,-137.8481,-116.1486,119.0545,134.9473,2.7163,-0.0941,13733.8956,0.1233,0.5561,0.8582,0.4542,0.5350,114.8946,13.0518
12.8000,step,183.8509,14.5056,30.6898,81.3676,22.6229,-0.5129,11.2810,0.0885,0.0000,1.5000,2,4508.6284,2210.0392,4396.3478,2762.1118,4365.3966,-0.0005,-0.0434,0.0115,-0.0176,-2.1841,-2.1744,-2.0705,-2.0411,-55.1553,-3029.7158,551.2780,-1468.2355,1227.5926,2248.3316,1127.0431,1815.6859,0.4618,-41.8048,42.6078,-26.5947,35.9460,-137.8433,-116.1306,119.0359,134.9423,2.7161,-0.0942,13733.8955,0.1234,0.5560,0.8582,0.4542,0.5349,114.9008,13.0517
12.9000,step,185.8090,15.6371,31.8530,81.3671,22.6228,-0.5128,11.2805,0.0886,0.0000,1.5000,2,4508.6184,2210.0862,4396.2800,2762.1642,4365.3650,-0.0005,-0.0434,0.0115,-0.0176,-2.1839,-2.1742,-2.0703,-2.0409,-55.1554,-3029.5920,551.6567,-1468.1614,1227.5126,2248.1165,1126.9501,1815.4775,0.4617,-41.8034,42.6030,-26.5911,35.9452,-137.8394,-116.1159,119.0208,134.9380,2.7159,-0.0943,13733.8954,0.1234,0.5560,0.8581,0.4543,0.5349,114.9058,13.0516
13.0000,step,187.7437,16.8081,33.0162,81.3667,22.6227,-0.5128,11.2800,0.0887,0.0000,1.5000,2,4508.6101,2210.1247,4396.2244,2762.2071,4365.3392,-0.0005,-0.0434,0.0115,-0.0176,-2.1837,-2.1740,-2.0701,-2.0407,-55.1555,-3029.4905,551.9676,-1468.1006,1227.4475,2247.9411,1126.8745,1815.3076,0.4617,-41.8024,42.5991,-26.5882,35.9445,-137.8361,-116.1039,119.0085,134.9344,2.7157,-0.0943,13733.8954,0.1235,0.5559,0.8581,0.4543,0.5348,114.9099,13.0515
13.1000,step,189.6542,18.0182,34.1794,81.3663,22.6226,-0.5127,11.2796,0.0887,0.0000,1.5000,2,4508.6034,2210.1562,4396.1787,2762.2424,4365.3180,-0.0005,-0.0434,0.0115,-0.0176,-2.1836,-2.1739,-2.0699,-2.0405,-55.1555,-3029.4072,552.2229,-1468.0507,1227.3945,2247.7978,1126.8127,1815.1688,0.4617,-41.8015,42.5959,-26.5857,35.9440,-137.8333,-116.0941,118.9984,134.9315,2.7156,-0.0944,13733.8953,0.1235,0.5559,0.8581,0.4543,0.5348,114.9133,13.0515
13.2000,step,191.5397,19.2668,35.3425,81.3661,22.6225,-0.5127,11.2793,0.0888,0.0000,1.5000,2,4508.5978,2210.1821,4396.1412,2762.2713,4365.3006,-0.0005,-0.0434,0.0115,-0.0176,-2.1835,-2.1738,-2.0698,-2.0404,-55.1556,-3029.3388,552.4326,-1468.0097,1227.3512,2247.6806,1126.7623,1815.0552,0.4617,-41.8008,42.5933,-26.5838,35.9435,-137.8311,-116.0861,118.9901,134.9290,2.7155,-0.0944,13733.8953,0.1236,0.5559,0.8581,0.4543,0.5348,114.9161,13.0514
13.3000,step,193.3995,20.5534,36.5056,81.3658,22.6224,-0.5126,11.2790,0.0888,0.0000,1.5000,2,4508.5932,2210.2034,4396.1104,2762.2951,4365.2863,-0.0005,-0.0434,0.0115,-0.0176,-2.1834,-2.1737,-2.0697,-2.0403,-55.1556,-3029.2827,552.6048,-1467.9760,1227.3158,2247.5847,1126.7210,1814.9622,0.4616,-41.8002,42.5911,-26.5821,35.9432,-137.8292,-116.0795,118.9833,134.9270,2.7154,-0.0944,13733.8952,0.1236,0.5559,0.8580,0.4543,0.5347,114.9184,13.0514
13.4000,step,195.2328,21.8775,37.6687,81.3656,22.6224,-0.5126,11.2788,0.0888,0.0000,1.5000,2,4508.5895,2210.2209,4396.0851,2762.3146,4365.2746,-0.0005,-0.0434,0.0115,-0.0176,-2.1834,-2.1736,-2.0696,-2.0402,-55.1557,-3029.2365,552.7463,-1467.9483,1227.2868,2247.5060,1126.6872,1814.8859,0.4616,-41.7997,42.5894,-26.5808,35.9428,-137.8277,-116.0741,118.9777,134.9254,2.7153,-0.0945,13733.8952,0.1236,0.5558,0.8580,0.4543,0.5347,114.9203,13.0514
13.5000,step,197.0388,23.2386,38.8318,81.3655,22.6223,-0.5126,11.2786,0.0888,0.0000,1.5000,2,4508.5864,2210.2353,4396.0643,2762.3306,4365.2649,-0.0005,-0.0434,0.0115,-0.0176,-2.1833,-2.1736,-2.0695,-2.0401,-55.1557,-3029.1986,552.8624,-1467.9256,1227.2631,2247.4415,1126.6595,1814.8234,0.4616,-41.7993,42.5879,-26.5797,35.9426,-137.8264,-116.0696,118.9731,134.9240,2.7153,-0.0945,13733.8952,0.1236,0.5558,0.8580,0.4543,0.5347,114.9218,13.0513
13.6000,step,198.8168,24.6360,39.9948,81.3653,22.6223,-0.5125,11.2785,0.0889,0.0000,1.5000,2,4508.5839,2210.2471,4396.0473,2762.3438,4365.2570,-0.0005,-0.0434,0.0115,-0.0176,-2.1833,-2.1735,-2.0695,-2.0401,-55.1557,-3029.1674,552.9579,-1467.9069,1227.2436,2247.3886,1126.6367,1814.7720,0.4616,-41.7990,42.5867,-26.5788,35.9424,-137.8253,-116.0660,118.9694,134.9229,2.7152,-0.0945,13733.8952,0.1236,0.5558,0.8580,0.4543,0.5347,114.9231,13.0513
13.7000,step,200.5661,26.0692,41.1579,81.3652,22.6222,-0.5125,11.2784,0.0889,0.0000,1.5000,2,4508.5818,2210.2568,4396.0332,2762.3546,4365.2505,-0.0005,-0.0434,0.0115,-0.0176,-2.1832,-2.1735,-2.0694,-2.0400,-55.1557,-3029.1419,553.0362,-1467.8915,1227.2276,2247.3451,1126.6180,1814.7299,0.4616,-41.7987,42.5858,-26.5780,35.9422,-137.8245,-116.0630,118.9663,134.9219,2.7152,-0.0945,13733.8952,0.1236,0.5558,0.8580,0.4543,0.5347,114.9241,13.0513
13.8000,step,202.2859,27.5377,42.3209,81.3651,22.6222,-0.5125,11.2783,0.0889,0.0000,1.5000,2,4508.5801,2210.2648,4396.0217,2762.3635,4365.2451,-0.0005,-0.0434,0.0115,-0.0176,-2.1832,-2.1735,-2.0694,-2.0400,-55.1557,-3029.1208,553.1006,-1467.8789,1227.2145,2247.3095,1126.6027,1814.6953,0.4616,-41.7985,42.5849,-26.5774,35.9421,-137.8238,-116.0606,118.9637,134.9212,2.7151,-0.0945,13733.8951,0.1237,0.5558,0.8580,0.4543,0.5347,114.9250,13.0513
13.9000,step,203.9756,29.0407,43.4839,81.3651,22.6222,-0.5125,11.2782,0.0889,0.0000,1.5000,2,4508.5787,2210.2713,4396.0123,2762.3708,4365.2407,-0.0005,-0.0434,0.0115,-0.0176,-2.1832,-2.1735,-2.0694,-2.0399,-55.1557,-3029.1036,553.1535,-1467.8685,1227.2037,2247.2802,1126.5901,1814.6668,0.4616,-41.7983,42.5843,-26.5769,35.9420,-137.8232,-116.0585,118.9617,134.9206,2.7151,-0.0945,13733.8951,0.1237,0.5558,0.8580,0.4543,0.5347,114.9257,13.0513
14.0000,step,205.6344,30.5777,44.6469,81.3650,22.6222,-0.5125,11.2781,0.0889,0.0000,1.5000,2,4508.5775,2210.2767,4396.0045,2762.3768,4365.2371,-0.0005,-0.0434,0.0115,-0.0176,-2.1831,-2.1734,-2.0693,-2.0399,-55.1557,-3029.0894,553.1969,-1467.8600,1227.1949,2247.2561,1126.5798,1814.6435,0.4616,-41.7982,42.5837,-26.5765,35.9419,-137.8227,-116.0569,118.9600,134.9201,2.7151,-0.0945,13733.8951,0.1237,0.5558,0.8580,0.4543,0.5347,114.9263,13.0513
14.1000,step,207.2616,32.1481,45.8099,81.3650,22.6222,-0.5125,11.2781,0.0889,0.0000,1.5000,2,4508.5766,2210.2811,4395.9981,2762.3818,4365.2341,-0.0005,-0.0434,0.0115,-0.0176,-2.1831,-2.1734,-2.0693,-2.0399,-55.1558,-3029.0777,553.2326,-1467.8529,1227.1876,2247.2363,1126.5713,1814.6243,0.4616,-41.7980,42.5833,-26.5762,35.9418,-137.8223,-116.0555,118.9585,134.9196,2.7151,-0.0945,13733.8951,0.1237,0.5558,0.8580,0.4543,0.5347,114.9267,13.0513
14.2000,step,208.8567,33.7512,46.9729,81.3649,22.6222,-0.5125,11.2781,0.0889,0.0000,1.5000,2,4508.5758,2210.2848,4395.9928,2762.3858,4365.2317,-0.0005,-0.0434,0.0115,-0.0176,-2.1831,-2.1734,-2.0693,-2.0399,-55.1558,-3029.0681,553.2619,-1467.8472,1227.1817,2247.2201,1126.5643,1814.6086,0.4616,-41.7979,42.5829,-26.5759,35.9417,-137.8220,-116.0544,118.9574,134.9193,2.7151,-0.0945,13733.8951,0.1237,0.5558,0.8580,0.4543,0.5347,114.9271,13.0512
14.3000,step,210.4189,35.3863,48.1359,81.3649,22.6221,-0.5125,11.2780,0.0889,0.0000,1.5000,2,4508.5752,2210.2878,4395.9885,2762.3891,4365.2297,-0.0005,-0.0434,0.0115,-0.0176,-2.1831,-2.1734,-2.0693,-2.0399,-55.1558,-3029.0603,553.2859,-1467.8425,1227.1768,2247.2068,1126.5586,1814.5956,0.4616,-41.7978,42.5826,-26.5757,35.9417,-137.8217,-116.0535,118.9564,134.9190,2.7150,-0.0946,13733.8951,0.1237,0.5558,0.8580,0.4544,0.5347,114.9275,13.0512
14.4000,step,211.9476,37.0528,49.2989,81.3649,22.6221,-0.5125,11.2780,0.0889,0.0000,1.5000,2,4508.5747,2210.2902,4395.9850,2762.3919,4365.2280,-0.0005,-0.0434,0.0115,-0.0176,-2.1831,-2.1734,-2.0693,-2.0398,-55.1558,-3029.0538,553.3057,-1467.8386,1227.1727,2247.1958,1126.5539,1814.5850,0.4616,-41.7978,42.5824,-26.5755,35.9416,-137.8215,-116.0527,118.9557,134.9188,2.7150,-0.0946,13733.8951,0.1237,0.5558,0.8580,0.4544,0.5347,114.9277,13.0512
14.5000,step,213.4421,38.7499,50.4619,81.3648,22.6221,-0.5125,11.2780,0.0889,0.0000,1.5000,2,4508.5742,2210.2922,4395.9821,2762.3941,4365.2267,-0.0005,-0.0434,0.0115,-0.0176,-2.1831,-2.1734,-2.0693,-2.0398,-55.1558,-3029.0485,553.3220,-1467.8354,1227.1694,2247.1868,1126.5500,1814.5763,0.4616,-41.7977,42.5822,-26.5753,35.9416,-137.8214,-116.0521,118.9550,134.9186,2.7150,-0.0946,13733.8951,0.1237,0.5558,0.8580,0.4544,0.5347,114.9279,13.0512
14.6000,step,214.9019,40.4771,51.6249,81.3648,22.6221,-0.5125,11.2779,0.0889,0.0000,1.5000,2,4508.5739,2210.2939,4395.9797,2762.3959,4365.2256,-0.0005,-0.0434,0.0115,-0.0176,-2.1831,-2.1734,-2.0692,-2.0398,-55.1558,-3029.0442,553.3353,-1467.8328,1227.1667,2247.1795,1126.5469,1814.5691,0.4616,-41.7977,42.5820,-26.5752,35.9416,-137.8212,-116.0516,118.9545,134.9184,2.7150,-0.0946,13733.8951,0.1237,0.5558,0.8580,0.4544,0.5347,114.9281,13.0512
14.7000,step,216.3263,42.2335,52.7879,81.3648,22.6221,-0.5125,11.2779,0.0889,0.0000,1.5000,2,4508.5736,2210.2952,4395.9777,2762.3975,4365.2247,-0.0005,-0.0434,0.0115,-0.0176,-2.1831,-2.1734,-2.0692,-2.0398,-55.1558,-3029.0406,553.3462,-1467.8306,1227.1645,2247.1734,1126.5443,1814.5632,0.4616,-41.7976,42.5819,-26.5751,35.9416,-137.8211,-116.0512,118.9541,134.9183,2.7150,-0.0946,13733.8951,0.1237,0.5558,0.8580,0.4544,0.5347,114.9283,13.0512
14.8000,step,217.7148,44.0185,53.9509,81.3648,22.6221,-0.5125,11.2779,0.0889,0.0000,1.5000,2,4508.5734,2210.2963,4395.9761,2762.3987,4365.2239,-0.0005,-0.0434,0.0115,-0.0176,-2.1831,-2.1734,-2.0692,-2.0398,-55.1558,-3029.0376,553.3552,-1467.8289,1227.1627,2247.1684,1126.5421,1814.5584,0.4616,-41.7976,42.5818,-26.5750,35.9415,-137.8210,-116.0508,118.9537,134.9182,2.7150,-0.0946,13733.8951,0.1237,0.5558,0.8580,0.4544,0.5347,114.9284,13.0512
14.9000,step,219.0668,45.8313,55.1139,81.3648,22.6221,-0.5124,11.2779,0.0889,0.0000,1.5000,2,4508.5732,2210.2973,4395.9748,2762.3997,4365.2233,-0.0005,-0.0434,0.0115,-0.0176,-2.1831,-2.1734,-2.0692,-2.0398,-55.1558,-3029.0352,553.3626,-1467.8274,1227.1612,2247.1643,1126.5404,1814.5544,0.4616,-41.7976,42.5817,-26.5750,35.9415,-137.8209,-116.0505,118.9534,134.9181,2.7150,-0.0946,13733.8951,0.1237,0.5558,0.8580,0.4544,0.5347,114.9285,13.0512
15.0000,step,220.3817,47.6712,56.2768,81.3648,22.6221,-0.5124,11.2779,0.0889,0.0000,1.5000,2,4508.5730,2210.2980,4395.9737,2762.4006,4365.2228,-0.0005,-0.0434,0.0115,-0.0176,-2.1831,-2.1733,-2.0692,-2.0398,-55.1558,-3029.0332,553.3687,-1467.8262,1227.1599,2247.1609,1126.5389,1814.5511,0.4616,-41.7976,42.5816,-26.5749,35.9415,-137.8208,-116.0503,118.9532,134.9180,2.7150,-0.0946,13733.8951,0.1237,0.5558,0.8580,0.4544,0.5347,114.9286,13.0512
15.1000,step,221.6589,49.5373,57.4398,81.3648,22.6221,-0.5124,11.2779,0.0889,0.0000,1.5000,2,4508.5729,2210.2986,4395.9728,2762.4012,4365.2224,-0.0005,-0.0434,0.0115,-0.0176,-2.1831,-2.1733,-2.0692,-2.0398,-55.1558,-3029.0316,553.3737,-1467.8252,1227.1589,2247.1582,1126.5377,1814.5485,0.4616,-41.7975,42.5815,-26.5748,35.9415,-137.8208,-116.0501,118.9530,134.9180,2.7150,-0.0946,13733.8951,0.1237,0.5558,0.8580,0.4544,0.5347,114.9286,13.0512
15.2000,step,222.8981,51.4290,58.6028,81.3648,22.6221,-0.5124,11.2779,0.0889,0.0000,1.5000,2,4508.5728,2210.2991,4395.9721,2762.4018,4365.2220,-0.0005,-0.0434,0.0115,-0.0176,-2.1831,-2.1733,-2.0692,-2.0398,-55.1558,-3029.0303,553.3778,-1467.8244,1227.1581,2247.1559,1126.5368,1814.5463,0.4616,-41.7975,42.5815,-26.5748,35.9415,-137.8207,-116.0500,118.9528,134.9179,2.7150,-0.0946,13733.8951,0.1237,0.5558,0.8580,0.4544,0.5347,114.9287,13.0512
15.3000,step,224.0986,53.3455,59.7658,81.3648,22.6221,-0.5124,11.2779,0.0889,0.0000,1.5000,2,4508.5727,2210.2996,4395.9715,2762.4023,4365.2218,-0.0005,-0.0434,0.0115,-0.0176,-2.1831,-2.1733,-2.0692,-2.0398,-55.1558,-3029.0292,553.3812,-1467.8238,1227.1574,2247.1541,1126.5360,1814.5444,0.4616,-41.7975,42.5814,-26.5748,35.9415,-137.8207,-116.0498,118.9527,134.9179,2.7150,-0.0946,13733.8951,0.1237,0.5558,0.8580,0.4544,0.5347,114.9287,13.0512
15.4000,step,225.2599,55.2860,60.9288,81.3648,22.6221,-0.5124,11.2779,0.0889,0.0000,1.5000,2,4508.5726,2210.2999,4395.9710,2762.4027,4365.2215,-0.0005,-0.0434,0.0115,-0.0176,-2.1831,-2.1733,-2.0692,-2.0398,-55.1558,-3029.0283,553.3839,-1467.8232,1227.1568,2247.1525,1126.5353,1814.5430,0.4616,-41.7975,42.5814,-26.5748,35.9415,-137.8207,-116.0497,118.9526,134.9178,2.7150,-0.0946,13733.8951,0.1237,0.5558,0.8580,0.4544,0.5347,114.9288,13.0512
15.5000,step,226.3816,57.2496,62.0917,81.3648,22.6221,-0.5124,11.2779,0.0889,0.0000,1.5000,2,4508.5725,2210.3002,4395.9706,2762.4030,4365.2213,-0.0005,-0.0434,0.0115,-0.0176,-2.1831,-2.1733,-2.0692,-2.0398,-55.1558,-3029.0275,553.3862,-1467.8228,1227.1564,2247.1513,1126.5348,1814.5417,0.4616,-41.7975,42.5814,-26.5747,35.9415,-137.8207,-116.0496,118.9525,134.9178,2.7150,-0.0946,13733.8951,0.1237,0.5558,0.8580,0.4544,0.5347,114.9288,13.0512
15.6000,step,227.4633,59.2355,63.2547,81.3648,22.6221,-0.5124,11.2779,0.0889,0.0000,1.5000,2,4508.5725,2210.3004,4395.9703,2762.4032,4365.2212,-0.0005,-0.0434,0.0115,-0.0176,-2.1831,-2.1733,-2.0692,-2.0398,-55.1558,-3029.0269,553.3881,-1467.8224,1227.1560,2247.1502,1126.5343,1814.5407,0.4615,-41.7975,42.5814,-26.5747,35.9415,-137.8206,-116.0496,118.9524,134.9178,2.7150,-0.0946,13733.8951,0.1237,0.5558,0.8580,0.4544,0.5347,114.9288,13.0512
15.7000,step,228.5044,61.2431,64.4177,81.3648,22.6221,-0.5124,11.2779,0.0889,0.0000,1.5000,2,4508.5724,2210.3006,4395.9700,2762.4034,4365.2211,-0.0005,-0.0434,0.0115,-0.0176,-2.1831,-2.1733,-2.0692,-2.0398,-55.1558,-3029.0264,553.3896,-1467.8221,1227.1557,2247.1494,1126.5340,1814.5399,0.4615,-41.7975,42.5813,-26.5747,35.9415,-137.8206,-116.0495,118.9524,134.9178,2.7150,-0.0946,13733.8951,0.1237,0.5558,0.8580,0.4544,0.5347,114.9288,13.0512
15.8000,step,229.5045,63.2713,65.5807,81.3648,22.6221,-0.5124,11.2779,0.0889,0.0000,1.5000,2,4508.5724,2210.3008,4395.9698,2762.4036,4365.2210,-0.0005,-0.0434,0.0115,-0.0176,-2.1831,-2.1733,-2.0692,-2.0398,-55.1558,-3029.0260,553.3908,-1467.8219,1227.1554,2247.1487,1126.5337,1814.5392,0.4615,-41.7975,42.5813,-26.5747,35.9415,-137.8206,-116.0495,118.9523,134.9178,2.7150,-0.0946,13733.8951,0.1237,0.5558,0.8580,0.4544,0.5347,114.9288,13.0512
15.9000,step,230.4633,65.3194,66.7437,81.3648,22.6221,-0.5124,11.2779,0.0889,0.0000,1.5000,2,4508.5724,2210.3009,4395.9696,2762.4038,4365.2209,-0.0005,-0.0434,0.0115,-0.0176,-2.1831,-2.1733,-2.0692,-2.0398,-55.1558,-3029.0257,553.3919,-1467.8217,1227.1552,2247.1481,1126.5334,1814.5387,0.4615,-41.7975,42.5813,-26.5747,35.9415,-137.8206,-116.0494,118.9523,134.9178,2.7150,-0.0946,13733.8951,0.1237,0.5558,0.8580,0.4544,0.5347,114.9289,13.0512
16.0000,step,231.3803,67.3866,67.9066,81.3647,22.6221,-0.5124,11.2779,0.0889,0.0000,1.5000,2,4508.5724,2210.3010,4395.9694,2762.4039,4365.2208,-0.0005,-0.0434,0.0115,-0.0176,-2.1831,-2.1733,-2.0692,-2.0398,-55.1558,-3029.0254,553.3927,-1467.8215,1227.1550,2247.1476,1126.5332,1814.5382,0.4615,-41.7975,42.5813,-26.5747,35.9415,-137.8206,-116.0494,118.9522,134.9177,2.7150,-0.0946,13733.8951,0.1237,0.5558,0.8580,0.4544,0.5347,114.9289,13.0512
16.1000,step,232.2552,69.4719,69.0696,81.3647,22.6221,-0.5124,11.2779,0.0889,0.0000,1.5000,2,4508.5723,2210.3011,4395.9693,2762.4040,4365.2207,-0.0005,-0.0434,0.0115,-0.0176,-2.1831,-2.1733,-2.0692,-2.0398,-55.1558,-3029.0252,553.3934,-1467.8214,1227.1549,2247.1473,1126.5330,1814.5378,0.4615,-41.7975,42.5813,-26.5747,35.9415,-137.8206,-116.0494,118.9522,134.9177,2.7150,-0.0946,13733.8951,0.1237,0.5558,0.8580,0.4544,0.5347,114.9289,13.0512
16.2000,step,233.0876,71.5746,70.2326,81.3647,22.6221,-0.5124,11.2779,0.0889,0.0000,1.5000,2,4508.5723,2210.3011,4395.9692,2762.4041,4365.2207,-0.0005,-0.0434,0.0115,-0.0176,-2.1831,-2.1733,-2.0692,-2.0398,-55.1558,-3029.0250,553.3940,-1467.8212,1227.1548,2247.1469,1126.5329,1814.5375,0.4615,-41.7975,42.5813,-26.5747,35.9415,-137.8206,-116.0493,118.9522,134.9177,2.7150,-0.0946,13733.8951,0.1237,0.5558,0.8580,0.4544,0.5347,114.9289,13.0512
16.3000,step,233.8771,73.6937,71.3956,81.3647,22.6221,-0.5124,11.2779,0.0889,0.0000,1.5000,2,4508.5723,2210.3012,4395.9691,2762.4041,4365.2206,-0.0005,-0.0434,0.0115,-0.0176,-2.1831,-2.1733,-2.0692,-2.0398,-55.1558,-3029.0248,553.3945,-1467.8212,1227.1547,2247.1467,1126.5328,1814.5373,0.4615,-41.7975,42.5813,-26.5747,35.9415,-137.8206,-116.0493,118.9522,134.9177,2.7150,-0.0946,13733.8951,0.1237,0.5558,0.8580,0.4544,0.5347,114.9289,13.0512
16.4000,step,234.6234,75.8284,72.5586,81.3647,22.6221,-0.5124,11.2779,0.0889,0.0000,1.5000,2,4508.5723,2210.3013,4395.9690,2762.4042,4365.2206,-0.0005,-0.0434,0.0115,-0.0176,-2.1831,-2.1733,-2.0692,-2.0398,-55.1558,-3029.0247,553.3948,-1467.8211,1227.1546,2247.1465,1126.5327,1814.5371,0.4615,-41.7975,42.5813,-26.5746,35.9415,-137.8206,-116.0493,118.9522,134.9177,2.7150,-0.0946,13733.8951,0.1237,0.5558,0.8580,0.4544,0.5347,114.9289,13.0512
16.5000,step,235.3263,77.9778,73.7215,81.3647,22.6221,-0.5124,11.2779,0.0889,0.0000,1.5000,2,4508.5723,2210.3013,4395.9690,2762.4042,4365.2206,-0.0005,-0.0434,0.0115,-0.0176,-2.1831,-2.1733,-2.0692,-2.0398,-55.1558,-3029.0246,553.3952,-1467.8210,1227.1545,2247.1463,1126.5326,1814.5369,0.4615,-41.7975,42.5813,-26.5746,35.9415,-137.8206,-116.0493,118.9521,134.9177,2.7150,-0.0946,13733.8951,0.1237,0.5558,0.8580,0.4544,0.5347,114.9289,13.0512
16.6000,step,235.9853,80.1411,74.8845,81.3647,22.6221,-0.5124,11.2779,0.0889,0.0000,1.5000,2,4508.5723,2210.3013,4395.9689,2762.4043,4365.2206,-0.0005,-0.0434,0.0115,-0.0176,-2.1831,-2.1733,-2.0692,-2.0398,-55.1558,-3029.0245,553.3954,-1467.8210,1227.1545,2247.1461,1126.5326,1814.5368,0.4615,-41.7975,42.5813,-26.5746,35.9415,-137.8206,-116.0493,118.9521,134.9177,2.7150,-0.0946,13733.8951,0.1237,0.5558,0.8580,0.4544,0.5347,114.9289,13.0512
16.7000,step,236.6004,82.3173,76.0475,81.3647,22.6221,-0.5124,11.2779,0.0889,0.0000,1.5000,2,4508.5723,2210.3014,4395.9689,2762.4043,4365.2206,-0.0005,-0.0434,0.0115,-0.0176,-2.1831,-2.1733,-2.0692,-2.0398,-55.1558,-3029.0244,553.3956,-1467.8209,1227.1544,2247.1460,1126.5325,1814.5367,0.4615,-41.7975,42.5813,-26.5746,35.9415,-137.8205,-116.0493,118.9521,134.9177,2.7150,-0.0946,13733.8951,0.1237,0.5558,0.8580,0.4544,0.5347,114.9289,13.0512
16.8000,step,237.1711,84.5055,77.2105,81.3647,22.6221,-0.5124,11.2779,0.0889,0.0000,1.5000,2,4508.5723,2210.3014,4395.9689,2762.4043,4365.2205,-0.0005,-0.0434,0.0115,-0.0176,-2.1831,-2.1733,-2.0692,-2.0398,-55.1558,-3029.0244,553.3958,-1467.8209,1227.1544,2247.1459,1126.5325,1814.5366,0.4615,-41.7975,42.5813,-26.5746,35.9415,-137.8205,-116.0493,118.9521,134.9177,2.7150,-0.0946,13733.8951,0.1237,0.5558,0.8580,0.4544,0.5347,114.9289,13.0512
16.9000,step,237.6974,86.7048,78.3735,81.3647,22.6221,-0.5124,11.2779,0.0889,0.0000,1.5000,2,4508.5723,2210.3014,4395.9688,2762.4043,4365.2205,-0.0005,-0.0434,0.0115,-0.0176,-2.1831,-2.1733,-2.0692,-2.0398,-55.1558,-3029.0243,553.3960,-1467.8209,1227.1544,2247.1458,1126.5324,1814.5365,0.4615,-41.7975,42.5813,-26.5746,35.9415,-137.8205,-116.0493,118.9521,134.9177,2.7150,-0.0946,13733.8951,0.1237,0.5558,0.8580,0.4544,0.5347,114.9289,13.0512
17.0000,step,238.1788,88.9144,79.5364,81.3647,22.6221,-0.5124,11.2779,0.0889,0.0000,1.5000,2,4508.5723,2210.3014,4395.9688,2762.4043,4365.2205,-0.0005,-0.0434,0.0115,-0.0176,-2.1831,-2.1733,-2.0692,-2.0398,-55.1558,-3029.0243,553.3961,-1467.8208,1227.1544,2247.1458,1126.5324,1814.5364,0.4615,-41.7975,42.5812,-26.5746,35.9415,-137.8205,-116.0493,118.9521,134.9177,2.7150,-0.0946,13733.8951,0.1237,0.5558,0.8580,0.4544,0.5347,114.9289,13.0512
17.1000,step,238.6154,91.1333,80.6994,81.3647,22.6221,-0.5124,11.2779,0.0889,0.0000,1.5000,2,4508.5723,2210.3014,4395.9688,2762.4044,4365.2205,-0.0005,-0.0434,0.0115,-0.0176,-2.1831,-2.1733,-2.0692,-2.0398,-55.1558,-3029.0243,553.3962,-1467.8208,1227.1543,2247.1457,1126.5324,1814.5364,0.4615,-41.7975,42.5812,-26.5746,35.9414,-137.8205,-116.0493,118.9521,134.9177,2.7150,-0.0946,13733.8951,0.1237,0.5558,0.8580,0.4544,0.5347,114.9289,13.0512
17.2000,step,239.0068,93.3606,81.8624,81.3647,22.6221,-0.5124,11.2779,0.0889,0.0000,1.5000,2,4508.5723,2210.3014,4395.9688,2762.4044,4365.2205,-0.0005,-0.0434,0.0115,-0.0176,-2.1831,-2.1733,-2.0692,-2.0398,-55.1558,-3029.0242,553.3963,-1467.8208,1227.1543,2247.1457,1126.5324,1814.5363,0.4615,-41.7975,42.5812,-26.5746,35.9414,-137.8205,-116.0493,118.9521,134.9177,2.7150,-0.0946,13733.8951,0.1237,0.5558,0.8580,0.4544,0.5347,114.9289,13.0512
17.3000,step,239.3529,95.5954,83.0254,81.3647,22.6221,-0.5124,11.2779,0.0889,0.0000,1.5000,2,4508.5723,2210.3014,4395.9688,2762.4044,4365.2205,-0.0005,-0.0434,0.0115,-0.0176,-2.1831,-2.1733,-2.0692,-2.0398,-55.1558,-3029.0242,553.3963,-1467.8208,1227.1543,2247.1456,1126.5324,1814.5363,0.4615,-41.7975,42.5812,-26.5746,35.9414,-137.8205,-116.0493,118.9521,134.9177,2.7150,-0.0946,13733.8951,0.1237,0.5558,0.8580,0.4544,0.5347,114.9289,13.0512
17.4000,step,239.6536,97.8367,84.1884,81.3647,22.6221,-0.5124,11.2779,0.0889,0.0000,1.5000,2,4508.5723,2210.3014,4395.9688,2762.4044,4365.2205,-0.0005,-0.0434,0.0115,-0.0176,-2.1831,-2.1733,-2.0692,-2.0398,-55.1558,-3029.0242,553.3964,-1467.8208,1227.1543,2247.1456,1126.5323,1814.5363,0.4615,-41.7975,42.5812,-26.5746,35.9414,-137.8205,-116.0493,118.9521,134.9177,2.7150,-0.0946,13733.8951,0.1237,0.5558,0.8580,0.4544,0.5347,114.9289,13.0512
17.5000,step,239.9087,100.0837,85.3513,81.3647,22.6221,-0.5124,11.2779,0.0889,0.0000,1.5000,2,4508.5723,2210.3015,4395.9688,2762.4044,4365.2205,-0.0005,-0.0434,0.0115,-0.0176,-2.1831,-2.1733,-2.0692,-2.0398,-55.1558,-3029.0242,553.3964,-1467.8208,1227.1543,2247.1456,1126.5323,1814.5362,0.4615,-41.7975,42.5812,-26.5746,35.9414,-137.8205,-116.0493,118.9521,134.9177,2.7150,-0.0946,13733.8951,0.1237,0.5558,0.8580,0.4544,0.5347,114.9289,13.0512
17.6000,step,240.1182,102.3354,86.5143,81.3647,22.6221,-0.5124,11.2779,0.0889,0.0000,1.5000,2,4508.5723,2210.3015,4395.9688,2762.4044,4365.2205,-0.0005,-0.0434,0.0115,-0.0176,-2.1831,-2.1733,-2.0692,-2.0398,-55.1558,-3029.0242,553.3965,-1467.8208,1227.1543,2247.1456,1126.5323,1814.5362,0.4615,-41.7975,42.5812,-26.5746,35.9414,-137.8205,-116.0492,118.9521,134.9177,2.7150,-0.0946,13733.8951,0.1237,0.5558,0.8580,0.4544,0.5347,114.9289,13.0512
17.7000,step,240.2819,104.5909,87.6773,81.3647,22.6221,-0.5124,11.2779,0.0889,0.0000,1.5000,2,4508.5723,2210.3015,4395.9688,2762.4044,4365.2205,-0.0005,-0.0434,0.0115,-0.0176,-2.1831,-2.1733,-2.0692,-2.0398,-55.1558,-3029.0242,553.3965,-1467.8208,1227.1543,2247.1456,1126.5323,1814.5362,0.4615,-41.7975,42.5812,-26.5746,35.9414,-137.8205,-116.0492,118.9521,134.9177,2.7150,-0.0946,13733.8951,0.1237,0.5558,0.8580,0.4544,0.5347,114.9289,13.0512
17.8000,step,240.3998,106.8492,88.8403,81.3647,22.6221,-0.5124,11.2779,0.0889,0.0000,1.5000,2,4508.5723,2210.3015,4395.9687,2762.4044,4365.2205,-0.0005,-0.0434,0.0115,-0.0176,-2.1831,-2.1733,-2.0692,-2.0398,-55.1558,-3029.0241,553.3965,-1467.8208,1227.1543,2247.1455,1126.5323,1814.5362,0.4615,-41.7975,42.5812,-26.5746,35.9414,-137.8205,-116.0492,118.9521,134.9177,2.7150,-0.0946,13733.8951,0.1237,0.5558,0.8580,0.4544,0.5347,114.9289,13.0512
17.9000,step,240.4719,109.1095,90.0032,81.3647,22.6221,-0.5124,11.2779,0.0889,0.0000,1.5000,2,4508.5723,2210.3015,4395.9687,2762.4044,4365.2205,-0.0005,-0.0434,0.0115,-0.0176,-2.1831,-2.1733,-2.0692,-2.0398,-55.1558,-3029.0241,553.3965,-1467.8207,1227.1543,2247.1455,1126.5323,1814.5362,0.4615,-41.7975,42.5812,-26.5746,35.9414,-137.8205,-116.0492,118.9521,134.9177,2.7150,-0.0946,13733.8951,0.1237,0.5558,0.8580,0.4544,0.5347,114.9289,13.0512
18.0000,step,240.4980,111.3708,91.1662,81.3647,22.6221,-0.5124,11.2779,0.0889,0.0000,1.5000,2,4508.5723,2210.3015,4395.9687,2762.4044,4365.2205,-0.0005,-0.0434,0.0115,-0.0176,-2.1831,-2.1733,-2.0692,-2.0398,-55.1558,-3029.0241,553.3965,-1467.8207,1227.1543,2247.1455,1126.5323,1814.5362,0.4615,-41.7975,42.5812,-26.5746,35.9414,-137.8205,-116.0492,118.9521,134.9177,2.7150,-0.0946,13733.8951,0.1237,0.5558,0.8580,0.4544,0.5347,114.9289,13.0512
18.1000,step,240.4783,113.6321,92.3292,81.3647,22.6221,-0.5124,11.2779,0.0889,0.0000,1.5000,2,4508.5723,2210.3015,4395.9687,2762.4044,4365.2205,-0.0005,-0.0434,0.0115,-0.0176,-2.1831,-2.1733,-2.0692,-2.0398,-55.1558,-3029.0241,553.3966,-1467.8207,1227.1543,2247.1455,1126.5323,1814.5362,0.4615,-41.7975,42.5812,-26.5746,35.9414,-137.8205,-116.0492,118.9521,134.9177,2.7150,-0.0946,13733.8951,0.1237,0.5558,0.8580,0.4544,0.5347,114.9289,13.0512
18.2000,step,240.4127,115.8926,93.4922,81.3647,22.6221,-0.5124,11.2779,0.0889,0.0000,1.5000,2,4508.5723,2210.3015,4395.9687,2762.4044,4365.2205,-0.0005,-0.0434,0.0115,-0.0176,-2.1831,-2.1733,-2.0692,-2.0398,-55.1558,-3029.0241,553.3966,-1467.8207,1227.1543,2247.1455,1126.5323,1814.5362,0.4615,-41.7975,42.5812,-26.5746,35.9414,-137.8205,-116.0492,118.9521,134.9177,2.7150,-0.0946,13733.8951,0.1237,0.5558,0.8580,0.4544,0.5347,114.9289,13.0512
18.3000,step,240.3012,118.1513,94.6552,81.3647,22.6221,-0.5124,11.2779,0.0889,0.0000,1.5000,2,4508.5723,2210.3015,4395.9687,2762.4044,4365.2205,-0.0005,-0.0434,0.0115,-0.0176,-2.1831,-2.1733,-2.0692,-2.0398,-55.1558,-3029.0241,553.3966,-1467.8207,1227.1543,2247.1455,1126.5323,1814.5361,0.4615,-41.7975,42.5812,-26.5746,35.9414,-137.8205,-116.0492,118.9521,134.9177,2.7150,-0.0946,13733.8951,0.1237,0.5558,0.8580,0.4544,0.5347,114.9289,13.0512
18.4000,step,240.1438,120.4072,95.8181,81.3647,22.6221,-0.5124,11.2779,0.0889,0.0000,1.5000,2,4508.5723,2210.3015,4395.9687,2762.4044,4365.2205,-0.0005,-0.0434,0.0115,-0.0176,-2.1831,-2.1733,-2.0692,-2.0398,-55.1558,-3029.0241,553.3966,-1467.8207,1227.1543,2247.1455,1126.5323,1814.5361,0.4615,-41.7975,42.5812,-26.5746,35.9414,-137.8205,-116.0492,118.9521,134.9177,2.7150,-0.0946,13733.8951,0.1237,0.5558,0.8580,0.4544,0.5347,114.9289,13.0512
18.5000,step,239.9408,122.6595,96.9811,81.3647,22.6221,-0.5124,11.2779,0.0889,0.0000,1.5000,2,4508.5723,2210.3015,4395.9687,2762.4044,4365.2205,-0.0005,-0.0434,0.0115,-0.0176,-2.1831,-2.1733,-2.0692,-2.0398,-55.1558,-3029.0241,553.3966,-1467.8207,1227.1542,2247.1455,1126.5323,1814.5361,0.4615,-41.7975,42.5812,-26.5746,35.9414,-137.8205,-116.0492,118.9521,134.9177,2.7150,-0.0946,13733.8951,0.1237,0.5558,0.8580,0.4544,0.5347,114.9289,13.0512
18.6000,step,239.6920,124.9072,98.1441,81.3647,22.6221,-0.5124,11.2778,0.0889,0.0000,1.5000,2,4508.5723,2210.3015,4395.9687,2762.4044,4365.2205,-0.0005,-0.0434,0.0115,-0.0176,-2.1831,-2.1733,-2.0692,-2.0398,-55.1558,-3029.0241,553.3966,-1467.8207,1227.1542,2247.1455,1126.5323,1814.5361,0.4615,-41.7975,42.5812,-26.5746,35.9414,-137.8205,-116.0492,118.9521,134.9177,2.7150,-0.0946,13733.8951,0.1237,0.5558,0.8580,0.4544,0.5347,114.9289,13.0512
18.7000,step,239.3977,127.1494,99.3071,81.3647,22.6221,-0.5124,11.2778,0.0889,0.0000,1.5000,2,4508.5723,2210.3015,4395.9687,2762.4044,4365.2205,-0.0005,-0.0434,0.0115,-0.0176,-2.1831,-2.1733,-2.0692,-2.0398,-55.1558,-3029.0241,553.3966,-1467.8207,1227.1542,2247.1455,1126.5323,1814.5361,0.4615,-41.7975,42.5812,-26.5746,35.9414,-137.8205,-116.0492,118.9521,134.9177,2.7150,-0.0946,13733.8951,0.1237,0.5558,0.8580,0.4544,0.5347,114.9289,13.0512
18.8000,step,239.0580,129.3851,100.4701,81.3647,22.6221,-0.5124,11.2778,0.0889,0.0000,1.5000,2,4508.5723,2210.3015,4395.9687,2762.4044,4365.2205,-0.0005,-0.0434,0.0115,-0.0176,-2.1831,-2.1733,-2.0692,-2.0398,-55.1558,-3029.0241,553.3966,-1467.8207,1227.1542,2247.1455,1126.5323,1814.5361,0.4615,-41.7975,42.5812,-26.5746,35.9414,-137.8205,-116.0492,118.9521,134.9177,2.7150,-0.0946,13733.8951,0.1237,0.5558,0.8580,0.4544,0.5347,114.9289,13.0512
18.9000,step,238.6729,131.6135,101.6330,81.3647,22.6221,-0.5124,11.2778,0.0889,0.0000,1.5000,2,4508.5723,2210.3015,4395.9687,2762.4044,4365.2205,-0.0005,-0.0434,0.0115,-0.0176,-2.1831,-2.1733,-2.0692,-2.0398,-55.1558,-3029.0241,553.3966,-1467.8207,1227.1542,2247.1455,1126.5323,1814.5361,0.4615,-41.7975,42.5812,-26.5746,35.9414,-137.8205,-116.0492,118.9521,134.9177,2.7150,-0.0946,13733.8951,0.1237,0.5558,0.8580,0.4544,0.5347,114.9289,13.0512
19.0000,step,238.2427,133.8337,102.7960,81.3647,22.6221,-0.5124,11.2778,0.0889,0.0000,1.5000,2,4508.5723,2210.3015,4395.9687,2762.4044,4365.2205,-0.0005,-0.0434,0.0115,-0.0176,-2.1831,-2.1733,-2.0692,-2.0398,-55.1558,-3029.0241,553.3966,-1467.8207,1227.1542,2247.1455,1126.5323,1814.5361,0.4615,-41.7975,42.5812,-26.5746,35.9414,-137.8205,-116.0492,118.9521,134.9177,2.7150,-0.0946,13733.8951,0.1237,0.5558,0.8580,0.4544,0.5347,114.9289,13.0512
19.1000,step,237.7675,136.0446,103.9590,81.3647,22.6221,-0.5124,11.2778,0.0889,0.0000,1.5000,2,4508.5723,2210.3015,4395.9687,2762.4044,4365.2205,-0.0005,-0.0434,0.0115,-0.0176,-2.1831,-2.1733,-2.0692,-2.0398,-55.1558,-3029.0241,553.3966,-1467.8207,1227.1542,2247.1455,1126.5323,1814.5361,0.4615,-41.7975,42.5812,-26.5746,35.9414,-137.8205,-116.0492,118.9521,134.9177,2.7150,-0.0946,13733.8951,0.1237,0.5558,0.8580,0.4544,0.5347,114.9289,13.0512
19.2000,step,237.2475,138.2454,105.1220,81.3647,22.6221,-0.5124,11.2778,0.0889,0.0000,1.5000,2,4508.5723,2210.3015,4395.9687,2762.4044,4365.2205,-0.0005,-0.0434,0.0115,-0.0176,-2.1831,-2.1733,-2.0692,-2.0398,-55.1558,-3029.0241,553.3966,-1467.8207,1227.1542,2247.1455,1126.5323,1814.5361,0.4615,-41.7975,42.5812,-26.5746,35.9414,-137.8205,-116.0492,118.9521,134.9177,2.7150,-0.0946,13733.8951,0.1237,0.5558,0.8580,0.4544,0.5347,114.9289,13.0512
19.3000,step,236.6830,140.4353,106.2849,81.3647,22.6221,-0.5124,11.2778,0.0889,0.0000,1.5000,2,4508.5723,2210.3015,4395.9687,2762.4044,4365.2205,-0.0005,-0.0434,0.0115,-0.0176,-2.1831,-2.1733,-2.0692,-2.0398,-55.1558,-3029.0241,553.3966,-1467.8207,1227.1542,2247.1455,1126.5323,1814.5361,0.4615,-41.7975,42.5812,-26.5746,35.9414,-137.8205,-116.0492,118.9521,134.9177,2.7150,-0.0946,13733.8951,0.1237,0.5558,0.8580,0.4544,0.5347,114.9289,13.0512
19.4000,step,236.0742,142.6132,107.4479,81.3647,22.6221,-0.5124,11.2778,0.0889,0.0000,1.5000,2,4508.5723,2210.3015,4395.9687,2762.4044,4365.2205,-0.0005,-0.0434,0.0115,-0.0176,-2.1831,-2.1733,-2.0692,-2.0398,-55.1558,-3029.0241,553.3966,-1467.8207,1227.1542,2247.1455,1126.5323,1814.5361,0.4615,-41.7975,42.5812,-26.5746,35.9414,-137.8205,-116.0492,118.9521,134.9177,2.7150,-0.0946,13733.8951,0.1237,0.5558,0.8580,0.4544,0.5347,114.9289,13.0512
19.5000,step,235.4212,144.7783,108.6109,81.3647,22.6221,-0.5124,11.2778,0.0889,0.0000,1.5000,2,4508.5723,2210.3015,4395.9687,2762.4044,4365.2205,-0.0005,-0.0434,0.0115,-0.0176,-2.1831,-2.1733,-2.0692,-2.0398,-55.1558,-3029.0241,553.3966,-1467.8207,1227.1542,2247.1455,1126.5323,1814.5361,0.4615,-41.7975,42.5812,-26.5746,35.9414,-137.8205,-116.0492,118.9521,134.9177,2.7150,-0.0946,13733.8951,0.1237,0.5558,0.8580,0.4544,0.5347,114.9289,13.0512
19.6000,step,234.7245,146.9297,109.7739,81.3647,22.6221,-0.5124,11.2778,0.0889,0.0000,1.5000,2,4508.5723,2210.3015,4395.9687,2762.4044,4365.2205,-0.0005,-0.0434,0.0115,-0.0176,-2.1831,-2.1733,-2.0692,-2.0398,-55.1558,-3029.0241,553.3966,-1467.8207,1227.1542,2247.1455,1126.5323,1814.5361,0.4615,-41.7975,42.5812,-26.5746,35.9414,-137.8205,-116.0492,118.9521,134.9177,2.7150,-0.0946,13733.8951,0.1237,0.5558,0.8580,0.4544,0.5347,114.9289,13.0512
19.7000,step,233.9842,149.0665,110.9369,81.3647,22.6221,-0.5124,11.2778,0.0889,0.0000,1.5000,2,4508.5723,2210.3015,4395.9687,2762.4044,4365.2205,-0.0005,-0.0434,0.0115,-0.0176,-2.1831,-2.1733,-2.0692,-2.0398,-55.1558,-3029.0241,553.3966,-1467.8207,1227.1542,2247.1455,1126.5323,1814.5361,0.4615,-41.7975,42.5812,-26.5746,35.9414,-137.8205,-116.0492,118.9521,134.9177,2.7150,-0.0946,13733.8951,0.1237,0.5558,0.8580,0.4544,0.5347,114.9289,13.0512
19.8000,step,233.2007,151.1879,112.0998,81.3647,22.6221,-0.5124,11.2778,0.0889,0.0000,1.5000,2,4508.5723,2210.3015,4395.9687,2762.4044,4365.2205,-0.0005,-0.0434,0.0115,-0.0176,-2.1831,-2.1733,-2.0692,-2.0398,-55.1558,-3029.0241,553.3966,-1467.8207,1227.1542,2247.1455,1126.5323,1814.5361,0.4615,-41.7975,42.5812,-26.5746,35.9414,-137.8205,-116.0492,118.9521,134.9177,2.7150,-0.0946,13733.8951,0.1237,0.5558,0.8580,0.4544,0.5347,114.9289,13.0512
19.9000,step,232.3744,153.2929,113.2628,81.3647,22.6221,-0.5124,11.2778,0.0889,0.0000,1.5000,2,4508.5723,2210.3015,4395.9687,2762.4044,4365.2205,-0.0005,-0.0434,0.0115,-0.0176,-2.1831,-2.1733,-2.0692,-2.0398,-55.1558,-3029.0241,553.3966,-1467.8207,1227.1542,2247.1455,1126.5323,1814.5361,0.4615,-41.7975,42.5812,-26.5746,35.9414,-137.8205,-116.0492,118.9521,134.9177,2.7150,-0.0946,13733.8951,0.1237,0.5558,0.8580,0.4544,0.5347,114.9289,13.0512
20.0000,step,231.5054,155.3807,114.4258,81.3647,22.6221,-0.5124,11.2778,0.0889,0.0000,1.5000,2,4508.5723,2210.3015,4395.9687,2762.4044,4365.2205,-0.0005,-0.0434,0.0115,-0.0176,-2.1831,-2.1733,-2.0692,-2.0398,-55.1558,-3029.0241,553.3966,-1467.8207,1227.1542,2247.1455,1126.5323,1814.5361,0.4615,-41.7975,42.5812,-26.5746,35.9414,-137.8205,-116.0492,118.9521,134.9177,2.7150,-0.0946,13733.8951,0.1237,0.5558,0.8580,0.4544,0.5347,114.9289,13.0512
