time,phase,pos_x,pos_y,yaw_deg,speed_kph,vx_body,vy_body,yaw_rate_dps,throttle,brake,steer_deg,gear,rpm,fz_fl,fz_fr,fz_rl,fz_rr,sr_fl,sr_fr,sr_rl,sr_rr,sa_fl_deg,sa_fr_deg,sa_rl_deg,sa_rr_deg,fx_fl,fx_fr,fx_rl,fx_rr,fy_fl,fy_fr,fy_rl,fy_rr,lat_accel_g,susp_defl_fl_mm,susp_defl_fr_mm,susp_defl_rl_mm,susp_defl_rr_mm,susp_vel_fl,susp_vel_fr,susp_vel_rl,susp_vel_rr,roll_deg,pitch_deg,fz_total,understeer_deg,fc_util_fl,fc_util_fr,fc_util_rl,fc_util_rr,radius_m,yaw_rate_ref_dps,ke_total_kj,energy_engine_kj,energy_drag_kj,energy_brake_kj,energy_tire_loss_kj,energy_body_kj,integrator_err_kj
0.0000,accel,0.0000,0.0000,0.0000,0.0000,0.0000,0.0000,0.0000,0.0000,0.0000,0.0000,1,1000.0000,3776.8500,3776.8500,3090.1500,3090.1500,0.0000,0.0000,0.0000,0.0000,0.0000,0.0000,0.0000,0.0000,0.0000,0.0000,0.0000,0.0000,0.0000,0.0000,0.0000,0.0000,0.0000,0.0000,0.0000,0.0000,0.0000,0.0000,0.0000,0.0000,0.0000,0.0000,0.0000,13734.0000,0.0000,0.0000,0.0000,0.0000,0.0000,0.0000,0.0000,0.0000,0.0000,0.0000,0.0000,0.0000,0.0000,0.0000
0.1000,accel,0.0001,0.0000,0.0000,0.0322,-0.0211,0.0000,0.0000,0.0667,0.0000,0.0000,1,1241.4110,4157.6656,4157.6656,2711.3116,2711.3116,0.0011,0.0011,0.9903,0.9903,0.0000,0.0000,0.0000,0.0000,20.5340,20.5340,2500.1909,2500.1909,0.0000,0.0000,0.0000,0.0000,0.0000,2.3876,2.3876,0.6927,0.6927,144.1461,144.1461,-124.3991,-124.3991,0.0000,0.0373,13737.9543,0.0000,0.0049,0.0049,0.9221,0.9221,0.0000,0.0000,1.5245,3.1339,0.0000,0.0000,3.1421,-0.0082,-0.3277
0.2000,accel,0.0002,0.0000,0.0000,0.0640,-0.0107,0.0000,0.0000,0.1333,0.0000,0.0000,1,1309.1284,4358.9922,4358.9922,2511.1618,2511.1618,0.0015,0.0015,0.9786,0.9786,0.0000,0.0000,0.0000,0.0000,55.8682,55.8682,2336.0728,2336.0728,0.0000,0.0000,0.0000,0.0000,0.0000,2.7355,2.7355,1.8331,1.8331,221.1984,221.1984,-189.7305,-189.7305,0.0000,0.0199,13740.3080,0.0000,0.0128,0.0128,0.9303,0.9303,0.0000,0.0000,1.7039,6.7002,0.0000,0.0000,6.7168,-0.0166,-0.5154
0.3000,accel,0.0002,0.0000,0.0000,0.0659,-0.0102,0.0000,0.0000,0.2000,0.0000,0.0000,1,1427.6375,4358.5582,4358.5582,2510.9634,2510.9634,0.0015,0.0015,0.9779,0.9779,0.0000,0.0000,0.0000,0.0000,56.0111,56.0111,2336.0496,2336.0496,0.0000,0.0000,0.0000,0.0000,0.0000,3.0793,3.0793,2.1801,2.1801,217.5867,217.5867,-192.2653,-192.2653,0.0000,0.0198,13739.0432,0.0000,0.0129,0.0129,0.9303,0.9303,0.0000,0.0000,2.0247,10.2602,0.0000,0.0000,10.2856,-0.0254,-0.8450
0.4000,accel,0.0014,0.0000,0.0000,0.3390,0.0569,0.0000,0.0000,0.2667,0.0000,0.0000,1,1156.0534,3377.0066,3377.0066,3488.8795,3488.8795,0.0003,0.0003,0.8962,0.8962,0.0000,0.0000,0.0000,0.0000,-31.6169,-31.6169,3161.4831,3161.4831,0.0000,0.0000,0.0000,0.0000,0.0000,0.5005,0.5005,4.7617,4.7617,-106.6046,-106.6046,96.1781,96.1781,0.0000,-0.0939,13731.7722,0.0000,0.0094,0.0094,0.9062,0.9062,0.0000,0.0000,1.6875,13.9254,0.0000,0.0000,13.9530,-0.0277,-0.5101
0.5000,accel,0.0131,0.0000,0.0000,0.3695,0.1463,0.0000,0.0000,0.3333,0.0000,0.0000,1,1376.3412,3235.2336,3235.2336,3631.7895,3631.7895,-0.0016,-0.0016,-0.4942,-0.4942,0.0000,0.0000,0.0000,0.0000,-146.2190,-146.2190,-3521.5970,-3521.5970,0.0000,0.0000,0.0000,0.0000,0.0000,-0.3868,-0.3868,5.9470,5.9470,-140.7740,-140.7740,141.4883,141.4883,0.0000,-0.1396,13734.0461,0.0000,0.0452,0.0452,0.9697,0.9697,0.0000,0.0000,2.1731,17.4837,0.0000,0.0000,17.5203,-0.0366,-1.0047
0.6000,accel,0.0298,0.0000,0.0000,0.5875,0.2446,0.0000,0.0000,0.4000,0.0000,0.0000,1,1453.6756,2980.1305,2980.1305,3889.0541,3889.0541,-0.1209,-0.1209,-0.3292,-0.3292,0.0000,0.0000,0.0000,0.0000,-3013.1798,-3013.1798,-3827.8055,-3827.8055,0.0000,0.0000,0.0000,0.0000,0.0000,-1.7919,-1.7919,7.8362,7.8362,-203.6259,-203.6259,225.4987,225.4987,0.0000,-0.2122,13738.3692,0.0000,1.0111,1.0111,0.9843,0.9843,0.0000,0.0000,2.4948,21.0467,0.0000,0.0000,21.0867,-0.0400,-1.3297
0.7000,accel,0.0539,0.0000,0.0000,0.9459,0.2530,0.0000,0.0000,0.4667,0.0000,0.0000,1,1828.7090,4694.0466,4694.0466,2178.2045,2178.2045,-0.0139,-0.0139,0.9445,0.9445,0.0000,0.0000,0.0000,0.0000,-1241.6699,-1241.6699,2061.8762,2061.8762,0.0000,0.0000,0.0000,0.0000,0.0000,1.2861,1.2861,6.4076,6.4076,369.7095,369.7095,-317.5399,-317.5399,0.0000,-0.1129,13744.5023,0.0000,0.2645,0.2645,0.9466,0.9466,0.0000,0.0000,3.3579,24.3038,0.0000,0.0000,24.3330,-0.0293,-2.1821
0.8000,accel,0.0931,0.0000,0.0000,1.5177,0.4292,0.0000,0.0000,0.5333,0.0000,0.0000,1,1897.2368,3616.4544,3616.4544,3246.7074,3246.7074,-0.2946,-0.2946,0.9096,0.9096,0.0000,0.0000,0.0000,0.0000,-3597.7286,-3597.7286,2960.1455,2960.1455,0.0000,0.0000,0.0000,0.0000,0.0000,-2.6736,-2.6736,7.8194,7.8194,-15.5268,-15.5268,-22.3455,-22.3455,0.0000,-0.2312,13726.3236,0.0000,0.9948,0.9948,0.9117,0.9117,0.0000,0.0000,3.7012,28.2737,0.0000,0.0000,28.2334,0.0403,-2.4558
0.9000,accel,0.1455,0.0000,0.0000,2.2345,0.6188,0.0000,0.0000,0.6000,0.0000,0.0000,1,1682.2613,3518.7009,3518.7009,3344.0931,3344.0931,-0.0621,-0.0621,0.6885,0.6885,0.0000,0.0000,0.0000,0.0000,-2942.1462,-2942.1462,3102.7075,3102.7075,0.0000,0.0000,0.0000,0.0000,0.0000,-5.0110,-5.0110,10.7376,10.7376,-26.7690,-26.7690,-15.3773,-15.3773,0.0000,-0.3470,13725.5881,0.0000,0.8361,0.8361,0.9278,0.9278,0.0000,0.0000,3.4431,32.0907,0.0000,0.0000,31.9221,0.1685,-2.0696
1.0000,accel,0.2257,0.0000,0.0000,3.4934,0.8926,0.0000,0.0000,0.6667,0.0000,0.0000,1,1739.3253,3885.5331,3885.5331,2981.2259,2981.2259,0.1929,0.1929,0.8561,0.8561,0.0000,0.0000,0.0000,0.0000,3778.1119,3778.1119,2754.8028,2754.8028,0.0000,0.0000,0.0000,0.0000,0.0000,-7.6643,-7.6643,13.7221,13.7221,135.7659,135.7659,-140.3982,-140.3982,0.0000,-0.4713,13733.5179,0.0000,0.9724,0.9724,0.9241,0.9241,0.0000,0.0000,3.6606,35.3687,0.0000,0.0000,34.8356,0.5331,-1.9224
1.1000,accel,0.3267,0.0000,0.0000,4.0529,1.1131,0.0000,0.0000,0.7333,0.0000,0.0000,1,1881.9224,2676.2174,2676.2174,4193.4812,4193.4812,-0.4112,-0.4112,0.7694,0.7694,0.0000,0.0000,0.0000,0.0000,-2701.8106,-2701.8106,3772.7586,3772.7586,0.0000,0.0000,0.0000,0.0000,0.0000,-7.0805,-7.0805,14.9939,14.9939,-252.7321,-252.7321,275.5884,275.5884,0.0000,-0.4864,13739.3973,0.0000,1.0096,1.0096,0.8997,0.8997,0.0000,0.0000,4.4311,38.8927,0.0001,0.0000,38.1593,0.7333,-2.4928
1.2000,accel,0.4477,0.0000,0.0000,4.3782,1.2091,0.0000,0.0000,0.8000,0.0000,0.0000,1,2185.9369,3859.0370,3859.0370,3007.2267,3007.2267,0.4963,0.4963,-0.1117,-0.1117,0.0000,0.0000,0.0000,0.0000,3602.9782,3602.9782,-3009.6493,-3009.6493,0.0000,0.0000,0.0000,0.0000,0.0000,-4.0910,-4.0910,9.2944,9.2944,89.3944,89.3944,-101.3842,-101.3842,0.0000,-0.2950,13732.5275,0.0000,0.9336,0.9336,1.0008,1.0008,0.0000,0.0000,6.3501,43.0358,0.0002,0.0000,42.1572,0.8784,-4.2666
1.3000,accel,0.5846,0.0000,0.0000,5.5855,1.5370,0.0000,0.0000,0.8667,0.0000,0.0000,1,2244.6543,2605.8159,2605.8159,4266.7389,4266.7389,-0.1590,-0.1590,0.5863,0.5863,0.0000,0.0000,0.0000,0.0000,-2678.6938,-2678.6938,3902.9614,3902.9614,0.0000,0.0000,0.0000,0.0000,0.0000,-10.1112,-10.1112,15.6849,15.6849,-251.2462,-251.2462,297.8825,297.8825,0.0000,-0.5685,13745.1096,0.0000,1.0280,1.0280,0.9147,0.9147,0.0000,0.0000,7.1764,47.4806,0.0003,0.0000,45.9694,1.5109,-4.4604
1.4000,accel,0.7571,0.0000,0.0000,6.9100,1.8398,0.0000,0.0000,0.9333,0.0000,0.0000,1,2494.8567,3550.8279,3550.8279,3314.6707,3314.6707,0.3370,0.3370,0.1855,0.1855,0.0000,0.0000,0.0000,0.0000,3415.8450,3415.8450,3276.4209,3276.4209,0.0000,0.0000,0.0000,0.0000,0.0000,-11.4931,-11.4931,16.6883,16.6883,40.0187,40.0187,-66.4778,-66.4778,0.0000,-0.6210,13730.9971,0.0000,0.9620,0.9620,0.9885,0.9885,0.0000,0.0000,8.9919,52.4306,0.0005,0.0000,50.0431,2.3870,-5.3999
1.5000,accel,0.9653,0.0000,0.0000,7.9748,2.1510,0.0000,0.0000,1.0000,0.0000,0.0000,1,2850.5794,3881.9774,3881.9774,2987.1904,2987.1904,0.3077,0.3077,0.0343,0.0343,0.0000,0.0000,0.0000,0.0000,3717.3204,3717.3204,1682.1504,1682.1504,0.0000,0.0000,0.0000,0.0000,0.0000,-10.5870,-10.5870,16.4133,16.4133,163.3450,163.3450,-158.1579,-158.1579,0.0000,-0.5950,13738.3355,0.0000,0.9576,0.9576,0.5631,0.5631,0.0000,0.0000,11.8375,57.2091,0.0010,0.0000,53.9842,3.2239,-7.4086
1.6000,accel,1.2100,0.0000,0.0000,9.5817,2.5842,0.0000,0.0000,1.0000,0.0000,0.0000,1,2971.9033,3756.8708,3756.8708,3112.4891,3112.4891,0.3818,0.3818,0.0959,0.0959,0.0000,0.0000,0.0000,0.0000,3569.9922,3569.9922,2933.1039,2933.1039,0.0000,0.0000,0.0000,0.0000,0.0000,-14.1083,-14.1083,20.0850,20.0850,148.3947,148.3947,-148.7136,-148.7136,0.0000,-0.7535,13738.7199,0.0000,0.9503,0.9503,0.9424,0.9424,0.0000,0.0000,14.0905,63.0269,0.0017,0.0000,58.2994,4.7258,-8.1596
1.7000,accel,1.4955,0.0000,0.0000,10.9695,3.0309,0.0000,0.0000,1.0000,0.0000,0.0000,1,3168.0388,2568.4779,2568.4779,4304.3704,4304.3704,-0.3455,-0.3455,0.4587,0.4587,0.0000,0.0000,0.0000,0.0000,-2627.2470,-2627.2470,3992.8683,3992.8683,0.0000,0.0000,0.0000,0.0000,0.0000,-16.6828,-16.6828,22.8985,22.8985,-215.2609,-215.2609,240.1969,240.1969,0.0000,-0.8722,13745.6967,0.0000,1.0229,1.0229,0.9276,0.9276,0.0000,0.0000,17.2782,69.3354,0.0028,0.0000,63.0845,6.2482,-9.8249
1.8000,accel,1.8210,0.0000,0.0000,12.5180,3.3987,0.0000,0.0000,1.0000,0.0000,0.0000,1,3385.1023,3630.6217,3630.6217,3239.3585,3239.3585,0.2157,0.2157,0.5823,0.5823,0.0000,0.0000,0.0000,0.0000,3547.6445,3547.6445,3048.6292,3048.6292,0.0000,0.0000,0.0000,0.0000,0.0000,-15.6953,-15.6953,21.8373,21.8373,113.4785,113.4785,-125.2892,-125.2892,0.0000,-0.8271,13739.9604,0.0000,0.9771,0.9771,0.9411,0.9411,0.0000,0.0000,21.2879,76.7144,0.0044,0.0000,68.5220,8.1879,-11.8949
1.9000,accel,2.1939,0.0000,0.0000,14.2886,3.8899,0.0000,0.0000,1.0000,0.0000,0.0000,1,3647.0294,3407.8883,3407.8883,3461.9101,3461.9101,0.1426,0.1426,0.3939,0.3939,0.0000,0.0000,0.0000,0.0000,3340.7949,3340.7949,3311.5116,3311.5116,0.0000,0.0000,0.0000,0.0000,0.0000,-18.1938,-18.1938,23.7720,23.7720,49.1601,49.1601,-75.7474,-75.7474,0.0000,-0.9248,13739.5969,0.0000,0.9803,0.9803,0.9566,0.9566,0.0000,0.0000,25.2100,83.4002,0.0069,0.0000,72.6631,10.7302,-13.2747
2.0000,accel,2.6154,0.0000,0.0000,15.9762,4.3942,0.0000,0.0000,1.0000,0.0000,0.0000,1,3956.0024,3553.9497,3553.9497,3319.7900,3319.7900,0.0093,0.0093,0.6248,0.6248,0.0000,0.0000,0.0000,0.0000,566.5790,566.5790,3102.4752,3102.4752,0.0000,0.0000,0.0000,0.0000,0.0000,-19.8429,-19.8429,25.1962,25.1962,123.8298,123.8298,-126.7894,-126.7894,0.0000,-0.9925,13747.4794,0.0000,0.1594,0.1594,0.9345,0.9345,0.0000,0.0000,29.9396,90.6733,0.0104,0.0000,77.1928,13.4701,-15.2644
2.1000,accel,3.0856,0.0000,0.0000,17.7759,4.8589,0.0000,0.0000,1.0000,0.0000,0.0000,1,3910.1715,3597.6568,3597.6568,3278.2565,3278.2565,0.2073,0.2073,0.5160,0.5160,0.0000,0.0000,0.0000,0.0000,3521.7589,3521.7589,3104.5995,3104.5995,0.0000,0.0000,0.0000,0.0000,0.0000,-19.4155,-19.4155,24.4980,24.4980,136.7855,136.7855,-133.9399,-133.9399,0.0000,-0.9677,13751.8266,0.0000,0.9789,0.9789,0.9470,0.9470,0.0000,0.0000,34.3989,100.0393,0.0153,0.0000,83.2953,16.7287,-16.4652
2.2000,accel,3.6052,0.0000,0.0000,19.5681,5.3574,0.0000,0.0000,1.0000,0.0000,0.0000,1,4344.8503,3643.6240,3643.6240,3234.6688,3234.6688,0.1492,0.1492,0.0933,0.0933,0.0000,0.0000,0.0000,0.0000,3554.9814,3554.9814,3018.3137,3018.3137,0.0000,0.0000,0.0000,0.0000,0.0000,-19.7954,-19.7954,25.0720,25.0720,158.6714,158.6714,-150.8144,-150.8144,0.0000,-0.9887,13756.5854,0.0000,0.9757,0.9757,0.9331,0.9331,0.0000,0.0000,40.4403,107.2255,0.0219,0.0000,86.8817,20.3218,-18.9135
2.3000,accel,4.1744,0.0000,0.0000,21.3544,5.8640,0.0000,0.0000,1.0000,0.0000,0.0000,1,4348.3646,3568.3496,3568.3496,3311.2224,3311.2224,0.0500,0.0500,0.5044,0.5044,0.0000,0.0000,0.0000,0.0000,2562.2435,2562.2435,3136.9156,3136.9156,0.0000,0.0000,0.0000,0.0000,0.0000,-20.3562,-20.3562,25.7204,25.7204,133.8354,133.8354,-133.9316,-133.9316,0.0000,-1.0154,13759.1439,0.0000,0.7180,0.7180,0.9474,0.9474,0.0000,0.0000,46.2420,117.7410,0.0307,0.0000,93.4611,24.2492,-20.7878
2.4000,accel,4.7926,0.0000,0.0000,23.1356,6.3542,0.0000,0.0000,1.0000,0.0000,0.0000,1,4711.7806,3512.7966,3512.7966,3368.2938,3368.2938,0.0624,0.0624,0.3606,0.3606,0.0000,0.0000,0.0000,0.0000,2838.0708,2838.0708,3246.2660,3246.2660,0.0000,0.0000,0.0000,0.0000,0.0000,-20.3348,-20.3348,25.6998,25.6998,111.0486,111.0486,-117.8552,-117.8552,0.0000,-1.0145,13762.1809,0.0000,0.8079,0.8079,0.9638,0.9638,0.0000,0.0000,53.1337,126.3512,0.0418,0.0000,97.8013,28.5080,-23.4206
2.5000,accel,5.4604,0.0000,0.0000,24.9168,6.8441,0.0000,0.0000,1.0000,0.0000,0.0000,1,5062.3238,3610.2489,3610.2489,3274.3352,3274.3352,0.0872,0.0872,0.1424,0.1424,0.0000,0.0000,0.0000,0.0000,3277.8002,3277.8002,3222.7175,3222.7175,0.0000,0.0000,0.0000,0.0000,0.0000,-20.1952,-20.1952,25.5547,25.5547,148.2528,148.2528,-144.0719,-144.0719,0.0000,-1.0082,13769.1682,0.0000,0.9079,0.9079,0.9842,0.9842,0.0000,0.0000,60.6179,135.5451,0.0559,0.0000,102.3797,33.1095,-26.3034
2.6000,accel,6.1776,0.0000,0.0000,26.6989,7.3402,0.0000,0.0000,1.0000,0.0000,0.0000,1,5042.3072,3602.1804,3602.1804,3284.9283,3284.9283,0.0886,0.0886,0.4668,0.4668,0.0000,0.0000,0.0000,0.0000,3284.9427,3284.9427,3128.8524,3128.8524,0.0000,0.0000,0.0000,0.0000,0.0000,-20.2903,-20.2903,25.6246,25.6246,145.5629,145.5629,-141.9879,-141.9879,0.0000,-1.0118,13774.2174,0.0000,0.9119,0.9119,0.9525,0.9525,0.0000,0.0000,67.5503,147.7528,0.0733,0.0000,109.6228,38.0567,-28.2886
2.7000,accel,6.9444,0.0000,0.0000,28.4828,7.8355,0.0000,0.0000,1.0000,0.0000,0.0000,1,5356.8867,3589.1814,3589.1814,3300.5230,3300.5230,0.0837,0.0837,0.3293,0.3293,0.0000,0.0000,0.0000,0.0000,3224.5368,3224.5368,3202.4262,3202.4262,0.0000,0.0000,0.0000,0.0000,0.0000,-20.3105,-20.3105,25.6504,25.6504,140.1235,140.1235,-138.1902,-138.1902,0.0000,-1.0128,13779.4088,0.0000,0.8984,0.8984,0.9703,0.9703,0.0000,0.0000,75.3242,157.5618,0.0946,0.0000,114.1150,43.3522,-30.7669
2.8000,accel,7.7608,0.0000,0.0000,30.2690,8.3317,0.0000,0.0000,1.0000,0.0000,0.0000,1,5647.2074,3610.1043,3610.1043,3282.7785,3282.7785,0.0806,0.0806,0.1354,0.1354,0.0000,0.0000,0.0000,0.0000,3205.3997,3205.3997,3220.5586,3220.5586,0.0000,0.0000,0.0000,0.0000,0.0000,-20.3261,-20.3261,25.6803,25.6803,148.1766,148.1766,-143.9789,-143.9789,0.0000,-1.0138,13785.7655,0.0000,0.8879,0.8879,0.9810,0.9810,0.0000,0.0000,83.5266,167.8971,0.1203,0.0000,118.7777,48.9991,-33.3224
2.9000,accel,8.6270,0.0000,0.0000,32.0623,8.8329,0.0000,0.0000,1.0000,0.0000,0.0000,1,5568.8263,3585.4696,3585.4696,3310.3301,3310.3301,0.0683,0.0683,0.4211,0.4211,0.0000,0.0000,0.0000,0.0000,3005.9892,3005.9892,3169.1868,3169.1868,0.0000,0.0000,0.0000,0.0000,0.0000,-20.5211,-20.5211,25.8658,25.8658,139.7673,139.7673,-137.9738,-137.9738,0.0000,-1.0222,13791.5994,0.0000,0.8384,0.8384,0.9574,0.9574,0.0000,0.0000,91.0588,181.4648,0.1510,0.0000,126.2981,55.0157,-34.8380
3.0000,accel,9.5430,0.0000,0.0000,33.8526,9.3315,0.0000,0.0000,1.0000,0.0000,0.0000,1,5830.1620,3566.2328,3566.2328,3332.6657,3332.6657,0.0598,0.0598,0.2836,0.2836,0.0000,0.0000,0.0000,0.0000,2818.6089,2818.6089,3253.2813,3253.2813,0.0000,0.0000,0.0000,0.0000,0.0000,-20.5757,-20.5757,25.9194,25.9194,132.0861,132.0861,-132.5457,-132.5457,0.0000,-1.0246,13797.7970,0.0000,0.7904,0.7904,0.9762,0.9762,0.0000,0.0000,99.4787,192.1792,0.1872,0.0000,130.6236,61.3684,-36.9052
3.1000,accel,10.5089,0.0000,0.0000,35.6378,9.8304,0.0000,0.0000,1.0000,0.0000,0.0000,1,6071.1232,3580.6947,3580.6947,3321.8789,3321.8789,0.0563,0.0563,0.0907,0.0907,0.0000,0.0000,0.0000,0.0000,2744.3105,2744.3105,3071.3561,3071.3561,0.0000,0.0000,0.0000,0.0000,0.0000,-20.6214,-20.6214,25.9765,25.9765,137.7658,137.7658,-136.6380,-136.6380,0.0000,-1.0269,13805.1472,0.0000,0.7664,0.7664,0.9246,0.9246,0.0000,0.0000,108.3259,203.3623,0.2298,0.0000,135.0846,68.0480,-39.0729
3.2000,accel,11.5244,0.0000,0.0000,37.4280,10.3282,0.0000,0.0000,1.0000,0.0000,0.0000,1,5946.9747,3558.6143,3558.6143,3347.3953,3347.3953,0.0501,0.0501,0.3730,0.3730,0.0000,0.0000,0.0000,0.0000,2556.5688,2556.5688,3222.4281,3222.4281,0.0000,0.0000,0.0000,0.0000,0.0000,-20.6649,-20.6649,25.9968,25.9968,128.7781,128.7781,-130.1248,-130.1248,0.0000,-1.0283,13812.0191,0.0000,0.7184,0.7184,0.9627,0.9627,0.0000,0.0000,116.4647,217.9838,0.2792,0.0000,142.6126,75.0920,-40.1676
3.3000,accel,12.5894,0.0000,0.0000,39.1891,10.8210,0.0000,0.0000,1.0000,0.0000,0.0000,1,6280.5676,3567.8903,3567.8903,3342.0802,3342.0802,0.0517,0.0517,0.0708,0.0708,0.0000,0.0000,0.0000,0.0000,2611.1220,2611.1220,2861.0785,2861.0785,0.0000,0.0000,0.0000,0.0000,0.0000,-20.5901,-20.5901,25.8431,25.8431,131.1277,131.1277,-131.2019,-131.2019,0.0000,-1.0232,13819.9409,0.0000,0.7318,0.7318,0.8561,0.8561,0.0000,0.0000,125.8615,228.3090,0.3362,0.0000,145.6133,82.3595,-42.2969
3.4000,accel,13.7034,0.0000,0.0000,40.8778,11.3140,0.0000,0.0000,1.0000,0.0000,0.0000,1,6385.6304,3554.2567,3554.2567,3359.6237,3359.6237,0.0476,0.0476,0.0169,0.0169,0.0000,0.0000,0.0000,0.0000,2476.3381,2476.3381,992.4851,992.4851,0.0000,0.0000,0.0000,0.0000,0.0000,-20.6343,-20.6343,25.7965,25.7965,125.4748,125.4748,-126.5443,-126.5443,0.0000,-1.0232,13827.7607,0.0000,0.6967,0.6967,0.2954,0.2954,0.0000,0.0000,135.0243,240.7944,0.4014,0.0000,150.7486,89.6444,-44.1749
3.5000,accel,14.8625,0.0000,0.0000,42.3537,11.6987,0.0000,0.0000,1.0000,0.0000,0.0000,2,6610.8169,4751.7258,4751.7258,2177.8687,2177.8687,0.0538,0.0538,0.0982,0.0982,0.0000,0.0000,0.0000,0.0000,3453.5724,3453.5724,2138.5188,2138.5188,0.0000,0.0000,0.0000,0.0000,0.0000,-16.5867,-16.5867,22.6067,22.6067,563.4655,563.4655,-441.9616,-441.9616,0.0000,-0.8637,13859.1890,0.0000,0.7268,0.7268,0.9819,0.9819,0.0000,0.0000,143.3553,249.0766,0.4749,0.0000,152.3454,96.2563,-45.8940
3.6000,accel,16.0359,0.0000,0.0000,42.3580,11.7082,0.0000,0.0000,1.0000,0.0000,0.0000,2,6610.8169,4394.1292,4394.1292,2525.5040,2525.5040,0.0661,0.0661,0.0312,0.0312,0.0000,0.0000,0.0000,0.0000,3558.9784,3558.9784,1342.2912,1342.2912,0.0000,0.0000,0.0000,0.0000,0.0000,-3.7796,-3.7796,12.3373,12.3373,292.3436,292.3436,-269.2985,-269.2985,0.0000,-0.3552,13839.2664,0.0000,0.8099,0.8099,0.5315,0.5315,0.0000,0.0000,143.2778,249.0766,0.5511,0.0000,152.2751,96.2504,-45.8224
3.7000,accel,17.2089,0.0000,0.0000,42.2864,11.7097,0.0000,0.0000,1.0000,0.0000,0.0000,2,6709.6793,4504.3007,4504.3007,2413.9408,2413.9408,0.0152,0.0152,0.0571,0.0571,0.0000,0.0000,0.0000,0.0000,1159.3652,1159.3652,1939.6353,1939.6353,0.0000,0.0000,0.0000,0.0000,0.0000,1.8638,1.8638,8.0571,8.0571,279.9759,279.9759,-270.6034,-270.6034,0.0000,-0.1365,13836.4829,0.0000,0.2574,0.2574,0.8035,0.8035,0.0000,0.0000,144.4801,249.0766,0.6272,0.0000,152.5537,95.8957,-47.3794
3.8000,accel,18.3891,0.0000,0.0000,42.9932,11.8848,0.0000,0.0000,1.0000,0.0000,0.0000,2,6912.4292,3688.9578,3688.9578,3224.3365,3224.3365,0.0534,0.0534,0.0437,0.0437,0.0000,0.0000,0.0000,0.0000,2740.4675,2740.4675,2147.1154,2147.1154,0.0000,0.0000,0.0000,0.0000,0.0000,-2.9432,-2.9432,10.4052,10.4052,1.6657,1.6657,-56.0942,-56.0942,0.0000,-0.2942,13826.5887,0.0000,0.7429,0.7429,0.6659,0.6659,0.0000,0.0000,150.9277,253.0386,0.7048,0.0000,153.1970,99.1368,-50.5858
3.9000,accel,19.6072,0.0000,0.0000,44.7091,12.3522,0.0000,0.0000,1.0000,0.0000,0.0000,2,6030.8507,3530.6765,3530.6765,3388.9180,3388.9180,0.0463,0.0463,0.1102,0.1102,0.0000,0.0000,0.0000,0.0000,2421.1854,2421.1854,3244.4292,3244.4292,0.0000,0.0000,0.0000,0.0000,0.0000,-12.7244,-12.7244,18.7058,18.7058,35.4990,35.4990,-69.0746,-69.0746,0.0000,-0.6926,13839.1889,0.0000,0.6858,0.6858,0.9574,0.9574,0.0000,0.0000,148.4376,262.9117,0.7900,0.0000,154.8754,107.2463,-39.9863
4.0000,accel,20.8749,0.0000,0.0000,46.5037,12.8512,0.0000,0.0000,1.0000,0.0000,0.0000,2,5244.0794,3525.7427,3525.7427,3400.3595,3400.3595,0.0445,0.0445,0.1139,0.1139,0.0000,0.0000,0.0000,0.0000,2357.3149,2357.3149,3268.7258,3268.7258,0.0000,0.0000,0.0000,0.0000,0.0000,-17.5781,-17.5781,22.8823,22.8823,81.3234,81.3234,-96.4299,-96.4299,0.0000,-0.8916,13852.2044,0.0000,0.6686,0.6686,0.9613,0.9613,0.0000,0.0000,148.9387,273.5084,0.8861,0.0000,156.5545,116.0678,-31.6659
4.1000,accel,22.1925,0.0000,0.0000,48.2995,13.3507,0.0000,0.0000,1.0000,0.0000,0.0000,2,4529.8350,3518.7942,3518.7942,3412.9225,3412.9225,0.0427,0.0427,0.1145,0.1145,0.0000,0.0000,0.0000,0.0000,2286.1802,2286.1802,3281.7906,3281.7906,0.0000,0.0000,0.0000,0.0000,0.0000,-19.7059,-19.7059,24.6496,24.6496,99.0521,99.0521,-106.2884,-106.2884,0.0000,-0.9775,13863.4334,0.0000,0.6497,0.6497,0.9616,0.9616,0.0000,0.0000,151.6606,284.5341,0.9940,0.0000,158.2968,125.2433,-25.2123
4.2000,accel,23.5599,0.0000,0.0000,50.0942,13.8501,0.0000,0.0000,1.0000,0.0000,0.0000,2,3807.6222,3509.3266,3509.3266,3427.7142,3427.7142,0.0406,0.0406,0.1144,0.1144,0.0000,0.0000,0.0000,0.0000,2204.8341,2204.8341,3294.3275,3294.3275,0.0000,0.0000,0.0000,0.0000,0.0000,-20.6685,-20.6685,25.3737,25.3737,104.0927,104.0927,-108.0901,-108.0901,0.0000,-1.0146,13874.0816,0.0000,0.6283,0.6283,0.9611,0.9611,0.0000,0.0000,155.6853,295.9745,1.1147,0.0000,160.0978,134.7621,-19.7182
4.3000,accel,24.9769,0.0000,0.0000,51.8230,14.3321,0.0000,0.0000,1.0000,0.0000,0.0000,2,3125.8108,3573.9961,3573.9961,3368.9647,3368.9647,0.0438,0.0438,0.0792,0.0792,0.0000,0.0000,0.0000,0.0000,2358.4603,2358.4603,2996.8018,2996.8018,0.0000,0.0000,0.0000,0.0000,0.0000,-20.5400,-20.5400,24.9602,24.9602,127.8766,127.8766,-122.7779,-122.7779,0.0000,-1.0027,13885.9216,0.0000,0.6599,0.6599,0.8895,0.8895,0.0000,0.0000,160.5740,306.8536,1.2489,0.0000,161.3437,144.2610,-15.1079
4.4000,accel,26.4236,0.0000,0.0000,52.6413,14.5584,0.0000,0.0000,1.0000,0.0000,0.0000,2,3359.4282,3521.9428,3521.9428,3420.2573,3420.2573,0.0395,0.0395,0.1118,0.1118,0.0000,0.0000,0.0000,0.0000,2167.1327,2167.1327,3277.7340,3277.7340,0.0000,0.0000,0.0000,0.0000,0.0000,-13.8734,-13.8734,18.9953,18.9953,40.0052,40.0052,-65.9281,-65.9281,0.0000,-0.7243,13884.4003,0.0000,0.6153,0.6153,0.9583,0.9583,0.0000,0.0000,167.2619,313.4354,1.3917,0.0000,163.1747,148.8690,-17.1879
4.5000,accel,27.9004,0.0000,0.0000,53.3919,14.7730,0.0000,0.0000,1.0000,0.0000,0.0000,2,3631.5836,4569.8939,4569.8939,2384.0519,2384.0519,0.0348,0.0348,0.1679,0.1679,0.0000,0.0000,0.0000,0.0000,2493.1637,2493.1637,2435.7767,2435.7767,0.0000,0.0000,0.0000,0.0000,0.0000,-7.9050,-7.9050,14.7643,14.7643,399.1312,399.1312,-332.1624,-332.1624,0.0000,-0.4996,13907.8915,0.0000,0.5456,0.5456,1.0217,1.0217,0.0000,0.0000,174.3251,319.9433,1.5436,0.0000,165.2523,153.1474,-19.9727
4.6000,accel,29.4016,0.0000,0.0000,54.8492,15.1804,0.0000,0.0000,1.0000,0.0000,0.0000,2,3377.2411,3472.1399,3472.1399,3476.1118,3476.1118,0.0345,0.0345,0.0610,0.0610,0.0000,0.0000,0.0000,0.0000,1934.2319,1934.2319,2782.0545,2782.0545,0.0000,0.0000,0.0000,0.0000,0.0000,-13.9125,-13.9125,19.2046,19.2046,19.3868,19.3868,-52.6301,-52.6301,0.0000,-0.7298,13896.5034,0.0000,0.5571,0.5571,0.8003,0.8003,0.0000,0.0000,180.5136,329.5498,1.7032,0.0000,166.1943,161.6523,-17.6563
4.7000,accel,30.9349,0.0000,0.0000,55.5362,15.3823,0.0000,0.0000,1.0000,0.0000,0.0000,2,3851.2185,3533.9885,3533.9885,3415.1026,3415.1026,0.0326,0.0326,0.0346,0.0346,0.0000,0.0000,0.0000,0.0000,1877.6065,1877.6065,1910.3296,1910.3296,0.0000,0.0000,0.0000,0.0000,0.0000,-9.0880,-9.0880,15.4974,15.4974,-3.2011,-3.2011,-43.9702,-43.9702,0.0000,-0.5418,13898.1822,0.0000,0.5313,0.5313,0.5594,0.5594,0.0000,0.0000,188.2135,335.2596,1.8733,0.0000,167.6556,165.7307,-21.2777
4.8000,accel,32.4988,0.0000,0.0000,56.8199,15.7120,0.0000,0.0000,1.0000,0.0000,0.0000,2,3853.4181,3747.4938,3747.4938,3209.4847,3209.4847,0.0573,0.0573,0.1429,0.1429,0.0000,0.0000,0.0000,0.0000,2884.4893,2884.4893,3165.9003,3165.9003,0.0000,0.0000,0.0000,0.0000,0.0000,-10.9695,-10.9695,15.8603,15.8603,99.1330,99.1330,-105.9558,-105.9558,0.0000,-0.5912,13913.9571,0.0000,0.7697,0.7697,0.9864,0.9864,0.0000,0.0000,195.1805,343.6271,2.0536,0.0000,168.0658,173.5077,-20.4678
4.9000,accel,34.0909,0.0000,0.0000,58.0908,16.0783,0.0000,0.0000,1.0000,0.0000,0.0000,2,3519.1153,3508.5722,3508.5722,3450.7363,3450.7363,0.0327,0.0327,0.0794,0.0794,0.0000,0.0000,0.0000,0.0000,1874.2279,1874.2279,3063.9441,3063.9441,0.0000,0.0000,0.0000,0.0000,0.0000,-13.9597,-13.9597,18.8023,18.8023,32.7819,32.7819,-58.7748,-58.7748,0.0000,-0.7220,13918.6171,0.0000,0.5342,0.5342,0.8879,0.8879,0.0000,0.0000,201.8375,353.9912,2.2440,0.0000,170.3688,181.3784,-19.2540
5.0000,accel,35.7120,0.0000,0.0000,58.8983,16.3024,0.0000,0.0000,1.0000,0.0000,0.0000,2,3811.5017,3456.8047,3456.8047,3503.2259,3503.2259,0.0293,0.0293,0.0967,0.0967,0.0000,0.0000,0.0000,0.0000,1690.1540,1690.1540,3267.5069,3267.5069,0.0000,0.0000,0.0000,0.0000,0.0000,-10.5552,-10.5552,16.6666,16.6666,-15.9979,-15.9979,-28.9804,-28.9804,0.0000,-0.5999,13920.0612,0.0000,0.4889,0.4889,0.9327,0.9327,0.0000,0.0000,209.7464,361.2047,2.4450,0.0000,172.3006,186.4592,-22.0822
5.1000,accel,37.3629,0.0000,0.0000,59.9564,16.5975,0.0000,0.0000,1.0000,0.0000,0.0000,2,3870.9050,3448.5630,3448.5630,3516.0861,3516.0861,0.0255,0.0255,0.1134,0.1134,0.0000,0.0000,0.0000,0.0000,1493.1594,1493.1594,3366.8294,3366.8294,0.0000,0.0000,0.0000,0.0000,0.0000,-11.4593,-11.4593,16.1869,16.1869,-12.3027,-12.3027,-22.4909,-22.4909,0.0000,-0.6092,13929.2982,0.0000,0.4330,0.4330,0.9576,0.9576,0.0000,0.0000,217.4598,369.9856,2.6572,0.0000,174.0862,193.2422,-23.0125
5.2000,accel,39.0471,0.0000,0.0000,61.0046,16.8970,0.0000,0.0000,1.0000,0.0000,0.0000,2,4026.1213,3661.2605,3661.2605,3309.3480,3309.3480,0.0447,0.0447,0.0314,0.0314,0.0000,0.0000,0.0000,0.0000,2443.1256,2443.1256,1719.4170,1719.4170,0.0000,0.0000,0.0000,0.0000,0.0000,-10.9766,-10.9766,15.1721,15.1721,62.4382,62.4382,-74.9427,-74.9427,0.0000,-0.5762,13941.2169,0.0000,0.6673,0.6673,0.5196,0.5196,0.0000,0.0000,225.4097,377.9879,2.8825,0.0000,175.0246,200.0808,-24.1238
5.3000,accel,40.7611,0.0000,0.0000,62.1720,17.2037,0.0000,0.0000,1.0000,0.0000,0.0000,2,4184.1054,3670.6114,3670.6114,3304.4241,3304.4241,0.0431,0.0431,0.1381,0.1381,0.0000,0.0000,0.0000,0.0000,2392.6739,2392.6739,3243.6640,3243.6640,0.0000,0.0000,0.0000,0.0000,0.0000,-11.2762,-11.2762,14.9457,14.9457,68.5596,68.5596,-75.3916,-75.3916,0.0000,-0.5778,13950.0710,0.0000,0.6518,0.6518,0.9816,0.9816,0.0000,0.0000,233.5753,386.2818,3.1200,0.0000,175.3245,207.8373,-24.5329
5.4000,accel,42.5037,0.0000,0.0000,63.4467,17.5786,0.0000,0.0000,1.0000,0.0000,0.0000,2,3832.3957,3455.9147,3455.9147,3522.2833,3522.2833,0.0238,0.0238,0.0484,0.0484,0.0000,0.0000,0.0000,0.0000,1409.1825,1409.1825,2481.1007,2481.1007,0.0000,0.0000,0.0000,0.0000,0.0000,-14.4500,-14.4500,18.1013,18.1013,13.6518,13.6518,-36.5073,-36.5073,0.0000,-0.7173,13956.3959,0.0000,0.4078,0.4078,0.7044,0.7044,0.0000,0.0000,241.0527,397.9782,3.3696,0.0000,178.1370,216.4715,-23.3761
5.5000,accel,44.2777,0.0000,0.0000,64.4014,17.8862,0.0000,0.0000,1.0000,0.0000,0.0000,2,3975.0697,3391.2995,3391.2995,3590.6042,3590.6042,0.0193,0.0193,-0.0113,-0.0113,0.0000,0.0000,0.0000,0.0000,1141.0205,1141.0205,-808.5380,-808.5380,0.0000,0.0000,0.0000,0.0000,0.0000,-14.5853,-14.5853,18.0974,18.0974,-8.2018,-8.2018,-17.6462,-17.6462,0.0000,-0.7202,13963.8074,0.0000,0.3365,0.3365,0.2252,0.2252,0.0000,0.0000,249.5891,406.8017,3.6329,0.0000,180.1135,223.0553,-25.3288
5.6000,accel,46.0757,0.0000,0.0000,65.2958,18.0824,0.0000,0.0000,1.0000,0.0000,0.0000,2,4267.3941,3385.7182,3385.7182,3598.3935,3598.3935,0.0207,0.0207,0.1439,0.1439,0.0000,0.0000,0.0000,0.0000,1215.4856,1215.4856,3509.7410,3509.7410,0.0000,0.0000,0.0000,0.0000,0.0000,-11.3474,-11.3474,15.5109,15.5109,-33.2208,-33.2208,3.6532,3.6532,0.0000,-0.5919,13968.2235,0.0000,0.3590,0.3590,0.9754,0.9754,0.0000,0.0000,258.7521,415.6480,3.9071,0.0000,182.4327,229.3081,-28.2389
5.7000,accel,47.9118,0.0000,0.0000,66.3888,18.4646,0.0000,0.0000,1.0000,0.0000,0.0000,2,4347.9550,3484.9901,3484.9901,3505.0308,3505.0308,0.0179,0.0179,-0.0633,-0.0633,0.0000,0.0000,0.0000,0.0000,1085.2943,1085.2943,-2955.4898,-2955.4898,0.0000,0.0000,0.0000,0.0000,0.0000,-13.5637,-13.5637,17.1339,17.1339,14.5422,14.5422,-36.5381,-36.5381,0.0000,-0.6765,13980.0418,0.0000,0.3114,0.3114,0.8432,0.8432,0.0000,0.0000,267.5079,425.2422,4.1990,0.0000,183.9721,237.0711,-29.2317
5.8000,accel,49.7751,0.0000,0.0000,67.8420,18.7982,0.0000,0.0000,1.0000,0.0000,0.0000,2,4142.0277,3333.4494,3333.4494,3660.5940,3660.5940,0.0122,0.0122,0.0857,0.0857,0.0000,0.0000,0.0000,0.0000,708.1595,708.1595,3303.9419,3303.9419,0.0000,0.0000,0.0000,0.0000,0.0000,-15.0208,-15.0208,18.7380,18.7380,-23.0246,-23.0246,-4.3326,-4.3326,0.0000,-0.7439,13988.0868,0.0000,0.2124,0.2124,0.9026,0.9026,0.0000,0.0000,275.9042,437.2194,4.5042,0.0000,185.1228,247.5924,-27.1067
5.9000,accel,51.6726,0.0000,0.0000,68.9290,19.1019,0.0000,0.0000,1.0000,0.0000,0.0000,2,4207.9265,3339.0180,3339.0180,3659.0566,3659.0566,0.0134,0.0134,0.0699,0.0699,0.0000,0.0000,0.0000,0.0000,783.0576,783.0576,3088.3837,3088.3837,0.0000,0.0000,0.0000,0.0000,0.0000,-14.1490,-14.1490,18.1269,18.1269,-28.1445,-28.1445,-1.1324,-1.1324,0.0000,-0.7113,13996.1492,0.0000,0.2345,0.2345,0.8440,0.8440,0.0000,0.0000,285.0254,447.2349,4.8264,0.0000,186.7999,255.6086,-28.2118
6.0000,accel,53.6014,0.0000,0.0000,70.0219,19.4055,0.0000,0.0000,1.0000,0.0000,0.0000,2,4298.8708,3302.0495,3302.0495,3701.4178,3701.4178,0.0084,0.0084,0.0916,0.0916,0.0000,0.0000,0.0000,0.0000,475.4804,475.4804,3393.3385,3393.3385,0.0000,0.0000,0.0000,0.0000,0.0000,-13.9262,-13.9262,17.3372,17.3372,-40.7889,-40.7889,22.2258,22.2258,0.0000,-0.6889,14006.9347,0.0000,0.1440,0.1440,0.9168,0.9168,0.0000,0.0000,294.3395,457.2611,5.1649,0.0000,188.2951,263.8011,-29.3334
6.1000,accel,55.5591,0.0000,0.0000,70.8245,19.6213,0.0000,0.0000,1.0000,0.0000,0.0000,2,4617.6572,3458.6037,3458.6037,3546.8760,3546.8760,0.0167,0.0167,0.1425,0.1425,0.0000,0.0000,0.0000,0.0000,1009.8265,1009.8265,3462.8425,3462.8425,0.0000,0.0000,0.0000,0.0000,0.0000,-10.1362,-10.1362,14.0967,14.0967,-23.4844,-23.4844,-5.6635,-5.6635,0.0000,-0.5340,14010.9594,0.0000,0.2920,0.2920,0.9763,0.9763,0.0000,0.0000,304.3757,466.1782,5.5187,0.0000,190.7641,269.8953,-33.2753
6.2000,accel,57.5508,0.0000,0.0000,72.1546,20.0853,0.0000,0.0000,1.0000,0.0000,0.0000,2,4482.0862,3297.0602,3297.0602,3716.2593,3716.2593,0.0030,0.0030,-0.1035,-0.1035,0.0000,0.0000,0.0000,0.0000,139.0159,139.0159,-3601.5926,-3601.5926,0.0000,0.0000,0.0000,0.0000,0.0000,-16.3500,-16.3500,19.1888,19.1888,-26.0294,-26.0294,7.2783,7.2783,0.0000,-0.7832,14026.6390,0.0000,0.0422,0.0422,0.9691,0.9691,0.0000,0.0000,313.4941,478.1690,5.8914,0.0000,192.1228,280.1548,-32.1342
6.3000,accel,59.5733,0.0000,0.0000,73.2031,20.2995,0.0000,0.0000,1.0000,0.0000,0.0000,2,4846.9741,3279.2811,3279.2811,3737.9994,3737.9994,-0.0088,-0.0088,0.1290,0.1290,0.0000,0.0000,0.0000,0.0000,-597.2882,-597.2882,3605.9536,3605.9536,0.0000,0.0000,0.0000,0.0000,0.0000,-11.8280,-11.8280,15.4320,15.4320,-63.7724,-63.7724,52.7795,52.7795,0.0000,-0.6007,14034.5610,0.0000,0.1821,0.1821,0.9647,0.9647,0.0000,0.0000,323.8392,486.6781,6.2816,0.0000,192.0196,288.3769,-34.2572
6.4000,accel,61.6260,0.0000,0.0000,74.6129,20.6910,0.0000,0.0000,1.0000,0.0000,0.0000,2,4637.6223,3413.3804,3413.3804,3608.7681,3608.7681,-0.0007,-0.0007,0.0745,0.0745,0.0000,0.0000,0.0000,0.0000,-95.7752,-95.7752,3123.5343,3123.5343,0.0000,0.0000,0.0000,0.0000,0.0000,-15.6572,-15.6572,18.6019,18.6019,1.7068,1.7068,-22.8769,-22.8769,0.0000,-0.7550,14044.2969,0.0000,0.0281,0.0281,0.8655,0.8655,0.0000,0.0000,333.1293,499.5864,6.6896,0.0000,193.2752,299.6216,-32.3026
6.5000,accel,63.7053,0.0000,0.0000,75.4962,20.9293,0.0000,0.0000,1.0000,0.0000,0.0000,2,4712.2491,3202.3262,3202.3262,3824.8079,3824.8079,0.0011,0.0011,0.1067,0.1067,0.0000,0.0000,0.0000,0.0000,18.8982,18.8982,3599.3466,3599.3466,0.0000,0.0000,0.0000,0.0000,0.0000,-13.3526,-13.3526,17.1485,17.1485,-75.9598,-75.9598,68.0469,68.0469,0.0000,-0.6721,14054.2683,0.0000,0.0059,0.0059,0.9411,0.9411,0.0000,0.0000,343.1471,511.0416,7.1136,0.0000,197.1562,306.7718,-35.1702
6.6000,accel,65.8200,0.0000,0.0000,76.3334,21.2295,0.0000,0.0000,1.0000,0.0000,0.0000,2,5036.4890,3269.1245,3269.1245,3762.2474,3762.2474,0.0056,0.0056,-0.0382,-0.0382,0.0000,0.0000,0.0000,0.0000,301.5764,301.5764,-2357.9138,-2357.9138,0.0000,0.0000,0.0000,0.0000,0.0000,-12.4221,-12.4221,16.1319,16.1319,-64.0524,-64.0524,52.0733,52.0733,0.0000,-0.6292,14062.7437,0.0000,0.0922,0.0922,0.6267,0.6267,0.0000,0.0000,353.9091,520.3249,7.5596,0.0000,199.1375,313.6278,-39.0762
6.7000,accel,67.9652,0.0000,0.0000,77.9553,21.6181,0.0000,0.0000,1.0000,0.0000,0.0000,2,4848.2187,3317.8971,3317.8971,3718.7109,3718.7109,0.0003,0.0003,0.0727,0.0727,0.0000,0.0000,0.0000,0.0000,-31.0649,-31.0649,3180.2791,3180.2791,0.0000,0.0000,0.0000,0.0000,0.0000,-15.9846,-15.9846,18.9869,18.9869,-25.3704,-25.3704,4.6398,4.6398,0.0000,-0.7707,14073.2159,0.0000,0.0094,0.0094,0.8552,0.8552,0.0000,0.0000,363.4690,533.6347,8.0252,0.0000,198.4776,327.1318,-35.1322
6.8000,accel,70.1371,0.0000,0.0000,78.8298,21.8563,0.0000,0.0000,1.0000,0.0000,0.0000,2,4887.3311,3203.2494,3203.2494,3838.4505,3838.4505,0.0003,0.0003,0.1008,0.1008,0.0000,0.0000,0.0000,0.0000,-29.8745,-29.8745,3575.8928,3575.8928,0.0000,0.0000,0.0000,0.0000,0.0000,-13.5549,-13.5549,17.3582,17.3582,-75.9172,-75.9172,67.9095,67.9095,0.0000,-0.6812,14083.3999,0.0000,0.0093,0.0093,0.9316,0.9316,0.0000,0.0000,373.7014,545.6475,8.5084,0.0000,202.6133,334.5257,-37.9706
6.9000,accel,72.3434,0.0000,0.0000,79.6276,22.1406,0.0000,0.0000,1.0000,0.0000,0.0000,2,5240.3707,3260.9764,3260.9764,3785.1080,3785.1080,0.0043,0.0043,-0.0292,-0.0292,0.0000,0.0000,0.0000,0.0000,219.3652,219.3652,-1937.6295,-1937.6295,0.0000,0.0000,0.0000,0.0000,0.0000,-12.0938,-12.0938,15.8766,15.8766,-70.3853,-70.3853,60.2848,60.2848,0.0000,-0.6164,14092.1687,0.0000,0.0673,0.0673,0.5119,0.5119,0.0000,0.0000,384.8392,554.9942,9.0149,0.0000,204.6356,341.3437,-42.2905
7.0000,brake,74.5800,0.0000,0.0000,81.2360,22.5297,0.0000,0.0000,0.0000,0.0000,0.0000,2,5047.1899,3338.7246,3338.7246,3712.5425,3712.5425,0.0002,0.0002,0.0723,0.0723,0.0000,0.0000,0.0000,0.0000,-39.8310,-39.8310,3168.9029,3168.9029,0.0000,0.0000,0.0000,0.0000,0.0000,-15.8542,-15.8542,18.8477,18.8477,-22.0420,-22.0420,0.0148,0.0148,0.0000,-0.7647,14102.5342,0.0000,0.0119,0.0119,0.8536,0.8536,0.0000,0.0000,394.6654,568.7586,9.5427,0.0000,203.9093,355.3065,-38.1539
7.1000,brake,76.8305,0.0000,0.0000,80.8639,22.4430,0.0000,0.0000,0.0000,0.3333,0.0000,2,5021.9978,4520.6889,4520.6889,2536.4856,2536.4856,-0.0076,-0.0076,0.0941,0.0941,0.0000,0.0000,0.0000,0.0000,-701.3998,-701.3998,2430.6202,2430.6202,0.0000,0.0000,0.0000,0.0000,0.0000,-2.0841,-2.0841,7.4138,7.4138,304.4555,304.4555,-254.0895,-254.0895,0.0000,-0.2093,14114.3489,0.0000,0.1552,0.1552,0.9583,0.9583,0.0000,0.0000,390.8208,570.2614,10.0802,3.1270,205.0169,352.0373,-37.5784
7.2000,brake,79.0623,0.0000,0.0000,79.9220,22.2057,0.0000,0.0000,0.0000,0.6667,0.0000,2,4805.1437,4507.8751,4507.8751,2542.5195,2542.5195,-0.0313,-0.0313,0.0597,0.0597,0.0000,0.0000,0.0000,0.0000,-2396.7819,-2396.7819,2078.9461,2078.9461,0.0000,0.0000,0.0000,0.0000,0.0000,7.2619,7.2619,-1.9935,-1.9935,206.4935,206.4935,-184.5031,-184.5031,0.0000,0.2040,14100.7892,0.0000,0.5317,0.5317,0.8177,0.8177,0.0000,0.0000,379.9163,573.0480,10.6046,12.8560,205.7402,343.8472,-34.8640
7.3000,brake,81.2604,0.0000,0.0000,78.4025,21.8332,0.0000,0.0000,0.0000,0.8000,0.0000,2,4315.4187,4183.9332,4183.9332,2854.9742,2854.9742,-0.0205,-0.0205,-0.1280,-0.1280,0.0000,0.0000,0.0000,0.0000,-1580.9729,-1580.9729,-2908.1424,-2908.1424,0.0000,0.0000,0.0000,0.0000,0.0000,14.2540,14.2540,-9.6235,-9.6235,7.9604,7.9604,-39.6964,-39.6964,0.0000,0.5262,14077.8147,0.0000,0.3779,0.3779,1.0186,1.0186,0.0000,0.0000,363.2348,577.6828,11.1055,27.7262,208.0128,330.8383,-31.1915
7.4000,brake,83.4127,0.0000,0.0000,76.6365,21.3419,0.0000,0.0000,0.0000,0.8000,0.0000,2,4193.2100,4242.7031,4242.7031,2788.8996,2788.8996,-0.0202,-0.0202,-0.1270,-0.1270,0.0000,0.0000,0.0000,0.0000,-1583.5172,-1583.5172,-2847.4971,-2847.4971,0.0000,0.0000,0.0000,0.0000,0.0000,19.7894,19.7894,-16.1196,-16.1196,-16.1707,-16.1707,-10.8382,-10.8382,0.0000,0.7913,14063.2054,0.0000,0.3732,0.3732,1.0210,1.0210,0.0000,0.0000,346.8797,579.5313,11.5757,42.7346,209.1870,316.0340,-29.6406
7.5000,brake,85.5156,0.0000,0.0000,74.8631,20.8483,0.0000,0.0000,0.0000,0.8000,0.0000,2,4088.9214,4258.6529,4258.6529,2766.0352,2766.0352,-0.0193,-0.0193,-0.1297,-0.1297,0.0000,0.0000,0.0000,0.0000,-1526.9093,-1526.9093,-2826.4782,-2826.4782,0.0000,0.0000,0.0000,0.0000,0.0000,22.1827,22.1827,-19.1696,-19.1696,-27.8337,-27.8337,8.0180,8.0180,0.0000,0.9113,14049.3762,0.0000,0.3585,0.3585,1.0219,1.0219,0.0000,0.0000,330.9415,581.2445,12.0144,57.3777,210.3455,301.5068,-28.2296
7.6000,brake,87.5693,0.0000,0.0000,73.0900,20.3549,0.0000,0.0000,0.0000,0.8000,0.0000,2,3986.7112,4271.8401,4271.8401,2745.8855,2745.8855,-0.0185,-0.0185,-0.1321,-0.1321,0.0000,0.0000,0.0000,0.0000,-1469.7227,-1469.7227,-2807.9404,-2807.9404,0.0000,0.0000,0.0000,0.0000,0.0000,23.1819,23.1819,-20.5449,-20.5449,-30.3491,-30.3491,15.5045,15.5045,0.0000,0.9636,14035.4512,0.0000,0.3440,0.3440,1.0226,1.0226,0.0000,0.0000,315.4030,582.9291,12.4230,71.6642,211.5195,287.3225,-26.8755
7.7000,brake,89.5738,0.0000,0.0000,71.3207,19.8622,0.0000,0.0000,0.0000,0.8000,0.0000,2,3884.0585,4289.6519,4289.6519,2720.9368,2720.9368,-0.0174,-0.0174,-0.1345,-0.1345,0.0000,0.0000,0.0000,0.0000,-1399.2411,-1399.2411,-2784.9687,-2784.9687,0.0000,0.0000,0.0000,0.0000,0.0000,23.5693,23.5693,-21.1920,-21.1920,-27.1951,-27.1951,13.7431,13.7431,0.0000,0.9864,14021.1774,0.0000,0.3262,0.3262,1.0235,1.0235,0.0000,0.0000,300.2600,584.6015,12.8029,85.5953,212.6968,273.5064,-25.5485
7.8000,brake,91.5291,0.0000,0.0000,69.5546,19.3703,0.0000,0.0000,0.0000,0.8000,0.0000,2,3781.1095,4311.4424,4311.4424,2692.0399,2692.0399,-0.0161,-0.0161,-0.1369,-0.1369,0.0000,0.0000,0.0000,0.0000,-1315.1758,-1315.1758,-2758.3352,-2758.3352,0.0000,0.0000,0.0000,0.0000,0.0000,23.6919,23.6919,-21.5459,-21.5459,-21.0344,-21.0344,7.4252,7.4252,0.0000,0.9969,14006.9645,0.0000,0.3050,0.3050,1.0246,1.0246,0.0000,0.0000,285.5106,586.2598,13.1555,99.1712,213.8798,260.0532,-24.2523
7.9000,brake,93.4354,0.0000,0.0000,67.7918,18.8790,0.0000,0.0000,0.0000,0.8000,0.0000,2,3677.8460,4337.1919,4337.1919,2659.3416,2659.3416,-0.0147,-0.0147,-0.1392,-0.1392,0.0000,0.0000,0.0000,0.0000,-1217.7558,-1217.7558,-2728.1636,-2728.1636,0.0000,0.0000,0.0000,0.0000,0.0000,23.6950,23.6950,-21.7843,-21.7843,-12.9103,-12.9103,-1.1514,-1.1514,0.0000,1.0022,13993.0669,0.0000,0.2808,0.2808,1.0259,1.0259,0.0000,0.0000,271.1528,587.9037,13.4823,112.3917,215.0686,246.9610,-22.9868
8.0000,brake,95.2927,0.0000,0.0000,66.0321,18.3885,0.0000,0.0000,0.0000,0.8000,0.0000,2,3574.2891,4366.3610,4366.3610,2623.6138,2623.6138,-0.0132,-0.0132,-0.1414,-0.1414,0.0000,0.0000,0.0000,0.0000,-1109.5234,-1109.5234,-2695.1542,-2695.1542,0.0000,0.0000,0.0000,0.0000,0.0000,23.6418,23.6418,-21.9416,-21.9416,-3.4285,-3.4285,-9.0843,-9.0843,0.0000,1.0045,13979.9495,0.0000,0.2541,0.2541,1.0273,1.0273,0.0000,0.0000,257.1847,589.5323,13.7845,125.2566,216.2644,234.2268,-21.7529
8.1000,brake,97.1012,0.0000,0.0000,64.2753,17.8986,0.0000,0.0000,0.0000,0.8000,0.0000,2,3470.5112,4398.1256,4398.1256,2585.7231,2585.7231,-0.0116,-0.0116,-0.1435,-0.1435,0.0000,0.0000,0.0000,0.0000,-994.7564,-994.7564,-2660.0973,-2660.0973,0.0000,0.0000,0.0000,0.0000,0.0000,23.5921,23.5921,-22.0545,-22.0545,9.4484,9.4484,-17.9842,-17.9842,0.0000,1.0059,13967.6973,0.0000,0.2262,0.2262,1.0288,1.0288,0.0000,0.0000,243.6044,591.1449,14.0635,137.7655,217.4688,221.8471,-20.5522
8.2000,brake,98.8608,0.0000,0.0000,62.5210,17.4095,0.0000,0.0000,0.0000,0.8000,0.0000,2,3366.5848,4431.0724,4431.0724,2546.9248,2546.9248,-0.0100,-0.0100,-0.1455,-0.1455,0.0000,0.0000,0.0000,0.0000,-877.0913,-877.0913,-2624.1473,-2624.1473,0.0000,0.0000,0.0000,0.0000,0.0000,23.5911,23.5911,-22.1467,-22.1467,23.6521,23.6521,-27.3229,-27.3229,0.0000,1.0079,13955.9944,0.0000,0.1979,0.1979,1.0303,1.0303,0.0000,0.0000,230.4099,592.7410,14.3205,149.9183,218.6835,209.8186,-19.3862
8.3000,brake,100.5717,0.0000,0.0000,60.7692,16.9210,0.0000,0.0000,0.0000,0.8000,0.0000,2,3262.5335,4464.0600,4464.0600,2508.2249,2508.2249,-0.0084,-0.0084,-0.1474,-0.1474,0.0000,0.0000,0.0000,0.0000,-757.4519,-757.4519,-2588.2340,-2588.2340,0.0000,0.0000,0.0000,0.0000,0.0000,23.6237,23.6237,-22.2268,-22.2268,37.5076,37.5076,-36.7507,-36.7507,0.0000,1.0104,13944.5699,0.0000,0.1697,0.1697,1.0319,1.0319,0.0000,0.0000,217.5994,594.3205,14.5568,161.7151,219.9098,198.1388,-18.2555
8.4000,brake,102.2339,0.0000,0.0000,59.0199,16.4331,0.0000,0.0000,0.0000,0.8000,0.0000,2,3158.3410,4496.1172,4496.1172,2470.5621,2470.5621,-0.0068,-0.0068,-0.1492,-0.1492,0.0000,0.0000,0.0000,0.0000,-633.2236,-633.2236,-2553.2298,-2553.2298,0.0000,0.0000,0.0000,0.0000,0.0000,23.7081,23.7081,-22.2944,-22.2944,50.4427,50.4427,-46.0039,-46.0039,0.0000,1.0138,13933.3587,0.0000,0.1408,0.1408,1.0335,1.0335,0.0000,0.0000,205.1711,595.8836,14.7734,173.1559,221.1481,186.8062,-17.1598
8.5000,brake,103.8475,0.0000,0.0000,57.2733,15.9459,0.0000,0.0000,0.0000,0.8000,0.0000,2,3053.9452,4525.9090,4525.9090,2435.2497,2435.2497,-0.0051,-0.0051,-0.1510,-0.1510,0.0000,0.0000,0.0000,0.0000,-496.9818,-496.9818,-2520.3616,-2520.3616,0.0000,0.0000,0.0000,0.0000,0.0000,23.8245,23.8245,-22.3151,-22.3151,62.1238,62.1238,-54.9514,-54.9514,0.0000,1.0168,13922.3174,0.0000,0.1098,0.1098,1.0349,1.0349,0.0000,0.0000,193.1233,597.4312,14.9716,184.2410,222.3978,175.8208,-16.0974
8.6000,brake,105.4126,0.0000,0.0000,55.5297,15.4593,0.0000,0.0000,0.0000,0.8000,0.0000,2,2949.3211,4550.5665,4550.5665,2405.1407,2405.1407,-0.0032,-0.0032,-0.1529,-0.1529,0.0000,0.0000,0.0000,0.0000,-337.8240,-337.8240,-2492.2990,-2492.2990,0.0000,0.0000,0.0000,0.0000,0.0000,23.9626,23.9626,-22.3002,-22.3002,71.5038,71.5038,-62.6976,-62.6976,0.0000,1.0195,13911.4143,0.0000,0.0742,0.0742,1.0362,1.0362,0.0000,0.0000,181.4544,598.9636,15.1525,194.9708,223.6576,165.1828,-15.0666
8.7000,brake,106.9292,0.0000,0.0000,53.7889,14.9733,0.0000,0.0000,0.0000,0.8000,0.0000,2,2844.6290,4564.9366,4564.9366,2385.3410,2385.3410,-0.0011,-0.0011,-0.1551,-0.1551,0.0000,0.0000,0.0000,0.0000,-161.2021,-161.2021,-2473.8259,-2473.8259,0.0000,0.0000,0.0000,0.0000,0.0000,24.1152,24.1152,-22.2586,-22.2586,76.5956,76.5956,-67.7200,-67.7200,0.0000,1.0219,13900.5553,0.0000,0.0353,0.0353,1.0371,1.0371,0.0000,0.0000,170.1631,600.4813,15.3170,205.3460,224.9289,154.8894,-14.0687
8.8000,brake,108.3974,0.0000,0.0000,52.0490,14.4882,0.0000,0.0000,0.0000,0.8000,0.0000,2,2740.5895,4568.8817,4568.8817,2376.0086,2376.0086,0.0006,0.0006,-0.1582,-0.1582,0.0000,0.0000,0.0000,0.0000,-15.2839,-15.2839,-2465.1135,-2465.1135,0.0000,0.0000,0.0000,0.0000,0.0000,24.2674,24.2674,-22.1986,-22.1986,77.4925,77.4925,-69.9147,-69.9147,0.0000,1.0240,13889.7807,0.0000,0.0033,0.0033,1.0375,1.0375,0.0000,0.0000,159.2473,601.9822,15.4663,215.3679,226.2195,144.9285,-13.1138
8.9000,brake,109.8173,0.0000,0.0000,50.3093,14.0036,0.0000,0.0000,0.0000,0.8000,0.0000,2,2637.4019,4570.2774,4570.2774,2369.3847,2369.3847,0.0019,0.0019,-0.1615,-0.1615,0.0000,0.0000,0.0000,0.0000,88.0402,88.0402,-2458.9275,-2458.9275,0.0000,0.0000,0.0000,0.0000,0.0000,24.4074,24.4074,-22.1368,-22.1368,77.4623,77.4623,-71.3786,-71.3786,0.0000,1.0257,13879.3243,0.0000,0.0193,0.0193,1.0378,1.0378,0.0000,0.0000,148.7053,603.4663,15.6014,225.0380,227.5318,135.2951,-12.2051
9.0000,brake,111.1887,0.0000,0.0000,48.5701,13.5195,0.0000,0.0000,0.0000,0.8000,0.0000,2,2534.8373,4571.3114,4571.3114,2363.3150,2363.3150,0.0027,0.0027,-0.1652,-0.1652,0.0000,0.0000,0.0000,0.0000,161.8628,161.8628,-2453.2576,-2453.2576,0.0000,0.0000,0.0000,0.0000,0.0000,24.5309,24.5309,-22.0780,-22.0780,77.4246,77.4246,-72.6937,-72.6937,0.0000,1.0271,13869.2528,0.0000,0.0354,0.0354,1.0381,1.0381,0.0000,0.0000,138.5354,604.9349,15.7231,234.3573,228.8627,125.9919,-11.3384
9.1000,brake,112.5119,0.0000,0.0000,46.8325,13.0359,0.0000,0.0000,0.0000,0.8000,0.0000,2,2432.8607,4574.0620,4574.0620,2355.7442,2355.7442,0.0036,0.0036,-0.1693,-0.1693,0.0000,0.0000,0.0000,0.0000,231.5475,231.5475,-2446.1834,-2446.1834,0.0000,0.0000,0.0000,0.0000,0.0000,24.6409,24.6409,-22.0258,-22.0258,78.1802,78.1802,-74.4204,-74.4204,0.0000,1.0284,13859.6124,0.0000,0.0506,0.0506,1.0384,1.0384,0.0000,0.0000,128.7363,606.3882,15.8324,243.3263,230.2068,117.0227,-10.5085
9.2000,brake,113.7867,0.0000,0.0000,44.9948,12.5646,0.0000,0.0000,0.0000,0.8000,0.0000,2,2324.8553,4308.3354,4308.3354,2614.5971,2614.5971,-0.0415,-0.0415,-0.1710,-0.1710,0.0000,0.0000,0.0000,0.0000,-2820.6186,-2820.6186,-2686.8165,-2686.8165,0.0000,0.0000,0.0000,0.0000,0.0000,24.2894,24.2894,-21.5437,-21.5437,-17.0618,-17.0618,-3.1460,-3.1460,0.0000,1.0100,13845.8650,0.0000,0.6547,0.6547,1.0276,1.0276,0.0000,0.0000,119.2820,607.8585,15.9301,251.9778,232.0602,107.8904,-10.1865
9.3000,brake,115.0127,0.0000,0.0000,43.3583,12.0695,0.0000,0.0000,0.0000,0.8000,0.0000,2,2311.1637,4248.9626,4248.9626,2670.0111,2670.0111,0.0089,0.0089,-0.2648,-0.2648,0.0000,0.0000,0.0000,0.0000,631.0954,631.0954,-2738.0128,-2738.0128,0.0000,0.0000,0.0000,0.0000,0.0000,24.6516,24.6516,-21.7651,-21.7651,-36.1003,-36.1003,21.0508,21.0508,0.0000,1.0229,13837.9475,0.0000,0.1485,0.1485,1.0255,1.0255,0.0000,0.0000,110.2672,609.0121,16.0170,260.1992,232.7312,100.0647,-8.9975
9.4000,brake,116.1891,0.0000,0.0000,41.4561,11.5912,0.0000,0.0000,0.0000,0.8000,0.0000,2,2233.9697,4450.7964,4450.7964,2463.2718,2463.2718,-0.0679,-0.0679,-0.2403,-0.2403,0.0000,0.0000,0.0000,0.0000,-3775.1545,-3775.1545,-2546.4479,-2546.4479,0.0000,0.0000,0.0000,0.0000,0.0000,24.8729,24.8729,-20.7027,-20.7027,28.6450,28.6450,-50.9072,-50.9072,0.0000,1.0043,13828.1363,0.0000,0.8482,0.8482,1.0338,1.0338,0.0000,0.0000,101.5433,610.3789,16.0939,268.1158,234.8439,91.3254,-9.0129
9.5000,brake,117.3186,0.0000,0.0000,39.8780,11.1177,0.0000,0.0000,0.0000,0.8000,0.0000,2,2270.1103,4956.3004,4956.3004,1958.3289,1958.3289,-0.1601,-0.1601,0.0455,0.0455,0.0000,0.0000,0.0000,0.0000,-4777.6635,-4777.6635,1408.9067,1408.9067,0.0000,0.0000,0.0000,0.0000,0.0000,25.4568,25.4568,-19.4632,-19.4632,225.6404,225.6404,-203.3533,-203.3533,0.0000,0.9899,13829.2586,0.0000,0.9640,0.9640,0.7194,0.7194,0.0000,0.0000,93.4323,611.3990,16.1618,275.4571,235.4131,84.3670,-7.8602
9.6000,brake,118.4004,0.0000,0.0000,38.1716,10.6679,0.0000,0.0000,0.0000,0.8000,0.0000,2,2155.1788,3662.0193,3662.0193,3248.8925,3248.8925,-0.2444,-0.2444,-0.0309,-0.0309,0.0000,0.0000,0.0000,0.0000,-3638.4991,-3638.4991,-1767.7685,-1767.7685,0.0000,0.0000,0.0000,0.0000,0.0000,24.3151,24.3151,-18.3432,-18.3432,-200.0563,-200.0563,221.1956,221.1956,0.0000,0.9401,13821.8234,0.0000,0.9936,0.9936,0.5441,0.5441,0.0000,0.0000,85.3858,612.8221,16.2216,282.5540,236.8969,77.1496,-7.0311
9.7000,brake,119.4324,0.0000,0.0000,36.2933,10.1318,0.0000,0.0000,0.0000,0.8000,0.0000,2,2123.5740,4947.4631,4947.4631,1958.2263,1958.2263,-0.0849,-0.0849,0.0074,0.0074,0.0000,0.0000,0.0000,0.0000,-4467.1949,-4467.1949,259.4334,259.4334,0.0000,0.0000,0.0000,0.0000,0.0000,26.8585,26.8585,-19.8730,-19.8730,209.3204,209.3204,-199.1357,-199.1357,0.0000,1.0298,13811.3787,0.0000,0.9029,0.9029,0.1325,0.1325,0.0000,0.0000,77.8494,614.1590,16.2735,289.4176,238.9021,69.5658,-7.0785
9.8000,brake,120.4172,0.0000,0.0000,34.7423,9.6344,0.0000,0.0000,0.0000,0.8000,0.0000,2,1846.4060,4823.1766,4823.1766,2077.5575,2077.5575,0.0355,0.0355,-0.0340,-0.0340,0.0000,0.0000,0.0000,0.0000,2655.3218,2655.3218,-1270.1760,-1270.1760,0.0000,0.0000,0.0000,0.0000,0.0000,27.2395,27.2395,-20.5744,-20.5744,156.3741,156.3741,-159.4112,-159.4112,0.0000,1.0537,13801.4683,0.0000,0.5505,0.5505,0.6114,0.6114,0.0000,0.0000,70.4713,615.9849,16.3185,295.7036,240.3739,63.5889,-5.6773
9.9000,brake,121.3539,0.0000,0.0000,32.9884,9.1909,0.0000,0.0000,0.0000,0.8000,0.0000,2,1710.3336,4326.5363,4326.5363,2566.5784,2566.5784,0.0049,0.0049,-0.3781,-0.3781,0.0000,0.0000,0.0000,0.0000,326.6537,326.6537,-2613.4362,-2613.4362,0.0000,0.0000,0.0000,0.0000,0.0000,25.7073,25.7073,-19.2135,-19.2135,-18.9069,-18.9069,-28.8859,-28.8859,0.0000,0.9899,13786.2294,0.0000,0.0755,0.0755,1.0183,1.0183,0.0000,0.0000,63.5153,617.3836,16.3573,301.7795,242.0991,57.1478,-5.1624
10.0000,brake,122.2431,0.0000,0.0000,31.1444,8.7098,0.0000,0.0000,0.0000,0.8000,0.0000,2,1595.2615,4161.2433,4161.2433,2730.1400,2730.1400,-0.0294,-0.0294,-0.3326,-0.3326,0.0000,0.0000,0.0000,0.0000,-2124.3383,-2124.3383,-2781.0773,-2781.0773,0.0000,0.0000,0.0000,0.0000,0.0000,25.6779,25.6779,-19.8186,-19.8186,-65.5618,-65.5618,31.7947,31.7947,0.0000,1.0026,13782.7667,0.0000,0.5105,0.5105,1.0187,1.0187,0.0000,0.0000,56.9558,618.8150,16.3905,307.6634,244.0260,50.7351,-5.0157
10.1000,brake,123.0852,0.0000,0.0000,29.5479,8.2425,0.0000,0.0000,0.0000,0.8000,0.0000,2,1602.1747,4942.9479,4942.9479,1951.1961,1951.1961,-0.1717,-0.1717,0.0837,0.0837,0.0000,0.0000,0.0000,0.0000,-4766.0778,-4766.0778,1865.0100,1865.0100,0.0000,0.0000,0.0000,0.0000,0.0000,25.4999,25.4999,-19.5670,-19.5670,223.1413,223.1413,-201.1430,-201.1430,0.0000,0.9931,13788.2879,0.0000,0.9642,0.9642,0.9558,0.9558,0.0000,0.0000,50.9721,620.0257,16.4187,313.0129,245.1119,45.4822,-4.2848
10.2000,brake,123.8801,0.0000,0.0000,27.8414,7.7928,0.0000,0.0000,0.0000,0.8000,0.0000,2,1565.5792,3561.8680,3561.8680,3330.1684,3330.1684,-0.3634,-0.3634,-0.0232,-0.0232,0.0000,0.0000,0.0000,0.0000,-3518.8829,-3518.8829,-1428.2502,-1428.2502,0.0000,0.0000,0.0000,0.0000,0.0000,24.8133,24.8133,-18.2441,-18.2441,-230.0005,-230.0005,257.3959,257.3959,0.0000,0.9488,13784.0729,0.0000,0.9879,0.9879,0.4289,0.4289,0.0000,0.0000,45.1441,621.1923,16.4424,317.8269,246.7610,40.1620,-3.7771
10.3000,brake,124.6263,0.0000,0.0000,26.2984,7.3037,0.0000,0.0000,0.0000,0.8000,0.0000,2,1434.5541,3359.6395,3359.6395,3532.1231,3532.1231,-0.4357,-0.4357,0.1355,0.1355,0.0000,0.0000,0.0000,0.0000,-3306.2050,-3306.2050,3439.5637,3439.5637,0.0000,0.0000,0.0000,0.0000,0.0000,25.1345,25.1345,-18.4764,-18.4764,-289.7639,-289.7639,341.1520,341.1520,0.0000,0.9610,13783.5251,0.0000,0.9841,0.9841,0.9738,0.9738,0.0000,0.0000,39.8496,622.5784,16.4620,322.3870,248.1030,35.6264,-3.0181
10.4000,brake,125.3257,0.0000,0.0000,24.3317,6.8315,0.0000,0.0000,0.0000,0.8000,0.0000,2,1323.8195,3962.4803,3962.4803,2920.4132,2920.4132,-0.2771,-0.2771,-0.0486,-0.0486,0.0000,0.0000,0.0000,0.0000,-3906.1068,-3906.1068,-2191.9713,-2191.9713,0.0000,0.0000,0.0000,0.0000,0.0000,24.8395,24.8395,-19.1064,-19.1064,-115.1368,-115.1368,103.3570,103.3570,0.0000,0.9684,13765.7871,0.0000,0.9858,0.9858,0.7506,0.7506,0.0000,0.0000,34.5061,623.7952,16.4782,326.6591,250.4352,30.2228,-3.0783
10.5000,brake,125.9761,0.0000,0.0000,22.5561,6.2863,0.0000,0.0000,0.0000,0.8000,0.0000,2,1271.2485,4926.3334,4926.3334,1956.2927,1956.2927,-0.0553,-0.0553,0.1484,0.1484,0.0000,0.0000,0.0000,0.0000,-3767.3747,-3767.3747,2032.6711,2032.6711,0.0000,0.0000,0.0000,0.0000,0.0000,27.5876,27.5876,-21.2602,-21.2602,197.2901,197.2901,-185.8018,-185.8018,0.0000,1.0765,13765.2524,0.0000,0.7647,0.7647,1.0390,1.0390,0.0000,0.0000,29.8581,625.0850,16.4912,330.5842,252.3152,25.6944,-2.9587
10.6000,brake,126.5782,0.0000,0.0000,20.7403,5.8429,0.0000,0.0000,0.0000,0.8000,0.0000,2,1013.0903,4186.2020,4186.2020,2689.0521,2689.0521,-0.1916,-0.1916,-0.2717,-0.2717,0.0000,0.0000,0.0000,0.0000,-4104.0427,-4104.0427,-2755.5799,-2755.5799,0.0000,0.0000,0.0000,0.0000,0.0000,26.0610,26.0610,-19.7014,-19.7014,-59.4149,-59.4149,17.8673,17.8673,0.0000,1.0085,13750.5083,0.0000,0.9804,0.9804,1.0247,1.0247,0.0000,0.0000,25.4496,626.6390,16.5015,334.1842,254.5332,21.4202,-2.8244
10.7000,brake,127.1341,0.0000,0.0000,19.1578,5.3988,0.0000,0.0000,0.0000,0.8000,0.0000,2,1013.0897,3578.8771,3578.8771,3301.0078,3301.0078,-0.0803,-0.0803,-0.6137,-0.6137,0.0000,0.0000,0.0000,0.0000,-3284.6208,-3284.6208,-3189.3168,-3189.3168,0.0000,0.0000,0.0000,0.0000,0.0000,25.0707,25.0707,-18.1644,-18.1644,-225.6531,-225.6531,247.7201,247.7201,0.0000,0.9528,13759.7698,0.0000,0.9178,0.9178,0.9662,0.9662,0.0000,0.0000,21.6650,627.9915,16.5096,337.4052,256.0986,17.9781,-2.4818
10.8000,brake,127.6472,0.0000,0.0000,17.7697,4.9797,0.0000,0.0000,0.0000,0.8000,0.0000,2,1076.1370,4900.9405,4900.9405,1976.2411,1976.2411,-0.2877,-0.2877,0.0307,0.0307,0.0000,0.0000,0.0000,0.0000,-4729.6085,-4729.6085,1062.9390,1062.9390,0.0000,0.0000,0.0000,0.0000,0.0000,24.1609,24.1609,-16.8025,-16.8025,222.2650,222.2650,-211.0155,-211.0155,0.0000,0.9027,13754.3631,0.0000,0.9650,0.9650,0.5379,0.5379,0.0000,0.0000,18.6731,629.5425,16.5160,340.2714,257.5697,15.1855,-2.2826
10.9000,brake,128.1219,0.0000,0.0000,16.4880,4.6126,0.0000,0.0000,0.0000,0.8000,0.0000,2,1000.0000,4880.4331,4880.4331,1995.0170,1995.0170,-0.5885,-0.5885,0.0728,0.0728,0.0000,0.0000,0.0000,0.0000,-4549.1441,-4549.1441,1818.6023,1818.6023,0.0000,0.0000,0.0000,0.0000,0.0000,22.6471,22.6471,-14.4311,-14.4311,229.4073,229.4073,-222.3674,-222.3674,0.0000,0.8171,13750.9001,0.0000,0.9321,0.9321,0.9116,0.9116,0.0000,0.0000,16.0136,631.5693,16.5210,342.8669,259.4008,12.7806,-2.0279
11.0000,brake,128.5572,0.0000,0.0000,14.9213,4.1804,0.0000,0.0000,0.0000,0.8000,0.0000,2,1000.0000,4900.4903,4900.4903,1973.1014,1973.1014,-0.1575,-0.1575,0.0672,0.0672,0.0000,0.0000,0.0000,0.0000,-4729.2175,-4729.2175,1745.9817,1745.9817,0.0000,0.0000,0.0000,0.0000,0.0000,24.2386,24.2386,-15.7167,-15.7167,221.7384,221.7384,-219.2067,-219.2067,0.0000,0.8805,13747.1834,0.0000,0.9650,0.9650,0.8849,0.8849,0.0000,0.0000,13.6748,633.5451,16.5249,345.4420,261.4906,10.0876,-2.3822
11.1000,brake,128.9612,0.0000,0.0000,14.0363,3.9793,0.0000,0.0000,0.0000,0.8000,0.0000,2,1000.0000,3750.0162,3750.0162,3120.6736,3120.6736,-0.5786,-0.5786,-0.2122,-0.2122,0.0000,0.0000,0.0000,0.0000,-3591.0068,-3591.0068,-3150.6286,-3150.6286,0.0000,0.0000,0.0000,0.0000,0.0000,17.1514,17.1514,-10.4264,-10.4264,-119.6305,-119.6305,99.3810,99.3810,0.0000,0.6077,13741.3796,0.0000,0.9576,0.9576,1.0096,1.0096,0.0000,0.0000,12.2673,635.8440,16.5280,347.7765,262.8549,8.6846,-2.3777
11.2000,brake,129.3374,0.0000,0.0000,13.2962,3.7079,0.0000,0.0000,0.0000,0.8000,0.0000,2,1000.0000,4136.2581,4136.2581,2731.9536,2731.9536,-0.1042,-0.1042,0.1801,0.1801,0.0000,0.0000,0.0000,0.0000,-3970.6266,-3970.6266,2754.1356,2754.1356,0.0000,0.0000,0.0000,0.0000,0.0000,14.8908,14.8908,-9.4463,-9.4463,9.7427,9.7427,-46.9456,-46.9456,0.0000,0.5363,13736.4234,0.0000,0.9600,0.9600,1.0081,1.0081,0.0000,0.0000,11.0357,638.1073,16.5305,350.2119,263.7811,7.5837,-2.2470
11.3000,brake,129.7024,0.0000,0.0000,12.6744,3.6001,0.0000,0.0000,0.0000,0.8000,0.0000,2,1000.0000,2558.6495,2558.6495,4322.7598,4322.7598,-0.9180,-0.9180,-0.3456,-0.3456,0.0000,0.0000,0.0000,0.0000,-2464.9616,-2464.9616,-4200.5982,-4200.5982,0.0000,0.0000,0.0000,0.0000,0.0000,12.1914,12.1914,-4.3882,-4.3882,-424.4713,-424.4713,520.0872,520.0872,0.0000,0.3654,13762.8184,0.0000,0.9634,0.9634,0.9717,0.9717,0.0000,0.0000,10.1901,640.4566,16.5328,352.2104,265.0354,6.6779,-2.3071
11.4000,brake,130.0405,0.0000,0.0000,11.7532,3.2981,0.0000,0.0000,0.0000,0.8000,0.0000,2,1190.0868,4924.8418,4924.8418,1948.8878,1948.8878,-0.2963,-0.2963,0.4666,0.4666,0.0000,0.0000,0.0000,0.0000,-4750.3626,-4750.3626,1957.3926,1957.3926,0.0000,0.0000,0.0000,0.0000,0.0000,15.5564,15.5564,-6.5872,-6.5872,318.6889,318.6889,-290.9201,-290.9201,0.0000,0.4880,13747.4592,0.0000,0.9646,0.9646,1.0044,1.0044,0.0000,0.0000,9.1082,642.3276,16.5347,354.2515,266.1091,5.4324,-2.4708
11.5000,brake,130.3641,0.0000,0.0000,11.5600,3.1917,0.0000,0.0000,0.0000,0.8000,0.0000,2,1000.0000,2564.9585,2564.9585,4314.7211,4314.7211,-0.9210,-0.9210,0.2863,0.2863,0.0000,0.0000,0.0000,0.0000,-2469.8073,-2469.8073,4101.1691,4101.1691,0.0000,0.0000,0.0000,0.0000,0.0000,11.7058,11.7058,-3.4528,-3.4528,-419.0837,-419.0837,507.7619,507.7619,0.0000,0.3340,13759.3592,0.0000,0.9629,0.9629,0.9505,0.9505,0.0000,0.0000,8.3863,644.7680,16.5363,355.9899,267.0709,5.1709,-2.0103
11.6000,brake,130.6786,0.0000,0.0000,11.0425,3.0534,0.0000,0.0000,0.0000,0.8000,0.0000,2,1000.0000,4104.5566,4104.5566,2762.5120,2762.5120,0.2116,0.2116,-0.1115,-0.1115,0.0000,0.0000,0.0000,0.0000,3962.8610,3962.8610,-2787.2929,-2787.2929,0.0000,0.0000,0.0000,0.0000,0.0000,10.8776,10.8776,-4.9769,-4.9769,37.4545,37.4545,-69.8603,-69.8603,0.0000,0.3494,13734.1373,0.0000,0.9655,0.9655,1.0090,1.0090,0.0000,0.0000,8.0234,647.1808,16.5377,357.8525,268.2596,4.5310,-2.2874
11.7000,brake,130.9759,0.0000,0.0000,10.3938,2.9382,0.0000,0.0000,0.0000,0.8000,0.0000,2,1000.0000,3858.0561,3858.0561,3007.8073,3007.8073,-0.1554,-0.1554,-0.0074,-0.0074,0.0000,0.0000,0.0000,0.0000,-3813.3388,-3813.3388,-473.4526,-473.4526,0.0000,0.0000,0.0000,0.0000,0.0000,9.3529,9.3529,-3.6755,-3.6755,-32.7558,-32.7558,-9.0281,-9.0281,0.0000,0.2871,13731.7267,0.0000,0.9884,0.9884,0.1574,0.1574,0.0000,0.0000,7.2679,649.4392,16.5390,359.6468,269.4902,3.7633,-2.2996
11.8000,brake,131.2680,0.0000,0.0000,10.2662,2.8354,0.0000,0.0000,0.0000,0.8000,0.0000,2,1012.5380,4229.2226,4229.2226,2637.6885,2637.6885,0.2753,0.2753,-0.4192,-0.4192,0.0000,0.0000,0.0000,0.0000,4035.0015,4035.0015,-2663.9575,-2663.9575,0.0000,0.0000,0.0000,0.0000,0.0000,10.3794,10.3794,-2.7265,-2.7265,92.3784,92.3784,-121.5179,-121.5179,0.0000,0.2888,13733.8222,0.0000,0.9541,0.9541,1.0100,1.0100,0.0000,0.0000,6.9790,651.5761,16.5402,361.3993,270.0413,3.5953,-2.1786
11.9000,brake,131.5544,0.0000,0.0000,10.1574,2.8552,0.0000,0.0000,0.0000,0.8000,0.0000,2,1189.7704,4943.5225,4943.5225,1933.7527,1933.7527,-0.1367,-0.1367,0.5077,0.5077,0.0000,0.0000,0.0000,0.0000,-4766.5765,-4766.5765,1934.0482,1934.0482,0.0000,0.0000,0.0000,0.0000,0.0000,6.3364,6.3364,0.5796,0.5796,418.5221,418.5221,-346.2643,-346.2643,0.0000,0.1269,13754.5505,0.0000,0.9642,0.9642,1.0002,1.0002,0.0000,0.0000,7.2215,653.8931,16.5413,363.2469,270.6438,3.4612,-2.5553
12.0000,brake,131.8359,0.0000,0.0000,9.9937,2.7819,0.0000,0.0000,0.0000,0.8000,0.0000,2,1000.0000,3741.5051,3741.5051,3123.9887,3123.9887,-0.6141,-0.6141,0.2606,0.2606,0.0000,0.0000,0.0000,0.0000,-3570.4604,-3570.4604,3080.5350,3080.5350,0.0000,0.0000,0.0000,0.0000,0.0000,6.2696,6.2696,-0.4664,-0.4664,-43.9948,-43.9948,1.8205,1.8205,0.0000,0.1484,13730.9875,0.0000,0.9543,0.9543,0.9861,0.9861,0.0000,0.0000,6.5714,656.3463,16.5423,364.9862,271.5441,3.2736,-2.0927
12.1000,brake,132.1105,0.0000,0.0000,9.7645,2.7348,0.0000,0.0000,0.0000,0.8000,0.0000,2,1000.0000,4436.2156,4436.2156,2435.7556,2435.7556,-0.3780,-0.3780,0.4370,0.4370,0.0000,0.0000,0.0000,0.0000,-4280.2614,-4280.2614,2400.6549,2400.6549,0.0000,0.0000,0.0000,0.0000,0.0000,5.5289,5.5289,0.3658,0.3658,223.7134,223.7134,-201.2656,-201.2656,0.0000,0.1138,13743.9423,0.0000,0.9648,0.9648,0.9856,0.9856,0.0000,0.0000,6.4032,658.5699,16.5433,366.7379,272.2732,3.0155,-2.1827
12.2000,brake,132.3777,0.0000,0.0000,9.4818,2.6236,0.0000,0.0000,0.0000,0.8000,0.0000,2,1007.1436,4127.6937,4127.6937,2739.5002,2739.5002,0.0786,0.0786,-0.4971,-0.4971,0.0000,0.0000,0.0000,0.0000,3587.5946,3587.5946,-2730.2453,-2730.2453,0.0000,0.0000,0.0000,0.0000,0.0000,7.3259,7.3259,-1.0001,-1.0001,82.3693,82.3693,-104.6870,-104.6870,0.0000,0.1835,13734.3879,0.0000,0.8692,0.8692,0.9966,0.9966,0.0000,0.0000,6.0905,660.7771,16.5442,368.3795,273.1481,2.7053,-2.1801
12.3000,brake,132.6414,0.0000,0.0000,9.4276,2.6072,0.0000,0.0000,0.0000,0.8000,0.0000,2,1007.7130,4133.5871,4133.5871,2734.1011,2734.1011,0.0873,0.0873,-0.4897,-0.4897,0.0000,0.0000,0.0000,0.0000,3703.2253,3703.2253,-2727.7495,-2727.7495,0.0000,0.0000,0.0000,0.0000,0.0000,5.9003,5.9003,0.3880,0.3880,98.9878,98.9878,-116.1393,-116.1393,0.0000,0.1215,13735.3765,0.0000,0.8959,0.8959,0.9977,0.9977,0.0000,0.0000,6.0374,662.9468,16.5451,370.0253,273.7415,2.6350,-2.1973
12.4000,brake,132.9038,0.0000,0.0000,9.3898,2.5968,0.0000,0.0000,0.0000,0.8000,0.0000,2,1003.6785,4128.7584,4128.7584,2739.1212,2739.1212,0.0873,0.0873,-0.4967,-0.4967,0.0000,0.0000,0.0000,0.0000,3698.9473,3698.9473,-2730.0358,-2730.0358,0.0000,0.0000,0.0000,0.0000,0.0000,5.0944,5.0944,1.1573,1.1573,105.1191,105.1191,-120.1964,-120.1964,0.0000,0.0868,13735.7594,0.0000,0.8959,0.8959,0.9967,0.9967,0.0000,0.0000,5.9879,665.1107,16.5459,371.6637,274.3192,2.5819,-2.2010
12.5000,brake,133.1651,0.0000,0.0000,9.3528,2.5863,0.0000,0.0000,0.0000,0.8000,0.0000,2,1000.0000,4126.4440,4126.4440,2741.4777,2741.4777,0.0894,0.0894,-0.4943,-0.4943,0.0000,0.0000,0.0000,0.0000,3719.3626,3719.3626,-2732.9224,-2732.9224,0.0000,0.0000,0.0000,0.0000,0.0000,4.7438,4.7438,1.5282,1.5282,107.7025,107.7025,-122.1692,-122.1692,0.0000,0.0709,13735.8433,0.0000,0.9013,0.9013,0.9969,0.9969,0.0000,0.0000,5.9435,667.2705,16.5467,373.3014,274.8928,2.5296,-2.2088
12.6000,brake,133.4255,0.0000,0.0000,9.3254,2.5786,0.0000,0.0000,0.0000,0.8000,0.0000,2,1000.0000,4124.8793,4124.8793,2743.0766,2743.0766,0.0906,0.0906,-0.4895,-0.4895,0.0000,0.0000,0.0000,0.0000,3730.0686,3730.0686,-2735.8723,-2735.8723,0.0000,0.0000,0.0000,0.0000,0.0000,4.5138,4.5138,1.7598,1.7598,109.3786,109.3786,-123.3643,-123.3643,0.0000,0.0607,13735.9119,0.0000,0.9043,0.9043,0.9974,0.9974,0.0000,0.0000,5.9171,669.4269,16.5476,374.9357,275.4565,2.4872,-2.2248
12.7000,brake,133.6866,0.0000,0.0000,9.4479,2.6337,0.0000,0.0000,0.0000,0.8000,0.0000,2,1000.0000,4047.3074,4047.3074,2821.1624,2821.1624,-0.0675,-0.0675,0.0946,0.0946,0.0000,0.0000,0.0000,0.0000,-3456.6867,-3456.6867,2677.4459,2677.4459,0.0000,0.0000,0.0000,0.0000,0.0000,1.7870,1.7870,3.7997,3.7997,105.6009,105.6009,-115.6424,-115.6424,0.0000,-0.0444,13736.9397,0.0000,0.8541,0.8541,0.9491,0.9491,0.0000,0.0000,6.0476,671.6221,16.5484,376.6376,275.8367,2.5994,-2.2431
12.8000,brake,133.9504,0.0000,0.0000,9.3757,2.5882,0.0000,0.0000,0.0000,0.8000,0.0000,2,1000.0000,4233.9976,4233.9976,2635.4947,2635.4947,0.3078,0.3078,-0.4332,-0.4332,0.0000,0.0000,0.0000,0.0000,4018.7551,4018.7551,-2657.1560,-2657.1560,0.0000,0.0000,0.0000,0.0000,0.0000,4.5331,4.5331,1.4541,1.4541,152.8298,152.8298,-151.9211,-151.9211,0.0000,0.0679,13738.9847,0.0000,0.9492,0.9492,1.0082,1.0082,0.0000,0.0000,5.9827,673.7985,16.5493,378.3383,276.4006,2.5102,-2.2674
12.9000,brake,134.2112,0.0000,0.0000,9.2725,2.6012,0.0000,0.0000,0.0000,0.8000,0.0000,2,1000.0000,4564.1429,4564.1429,2310.0752,2310.0752,-0.2064,-0.2064,0.4325,0.4325,0.0000,0.0000,0.0000,0.0000,-4436.0559,-4436.0559,2290.4211,2290.4211,0.0000,0.0000,0.0000,0.0000,0.0000,3.3898,3.3898,2.0632,2.0632,296.3170,296.3170,-249.2535,-249.2535,0.0000,0.0292,13748.4361,0.0000,0.9719,0.9719,0.9915,0.9915,0.0000,0.0000,6.0502,676.3341,16.5501,380.1245,277.2631,2.3965,-2.4487
13.0000,brake,134.4715,0.0000,0.0000,9.3366,2.5755,0.0000,0.0000,0.0000,0.8000,0.0000,2,1000.0000,2582.4217,2582.4217,4294.2359,4294.2359,-0.8585,-0.8585,0.4023,0.4023,0.0000,0.0000,0.0000,0.0000,-2498.3031,-2498.3031,4014.0752,4014.0752,0.0000,0.0000,0.0000,0.0000,0.0000,5.0491,5.0491,2.7194,2.7194,-366.3974,-366.3974,438.1596,438.1596,0.0000,0.0513,13753.3153,0.0000,0.9674,0.9674,0.9348,0.9348,0.0000,0.0000,5.8750,678.4514,16.5510,381.7873,277.6799,2.4332,-2.2367
13.1000,brake,134.7275,0.0000,0.0000,8.8600,2.4939,0.0000,0.0000,0.0000,0.8000,0.0000,2,1116.1244,4907.9906,4907.9906,1966.6718,1966.6718,-0.3343,-0.3343,0.5109,0.5109,0.0000,0.0000,0.0000,0.0000,-4717.7442,-4717.7442,1962.8614,1962.8614,0.0000,0.0000,0.0000,0.0000,0.0000,7.8101,7.8101,0.4751,0.4751,389.6853,389.6853,-335.9908,-335.9908,0.0000,0.1616,13749.3247,0.0000,0.9612,0.9612,0.9981,0.9981,0.0000,0.0000,5.6415,680.3209,16.5518,383.5853,278.2421,1.9418,-2.4947
13.2000,brake,134.9801,0.0000,0.0000,9.2704,2.5853,0.0000,0.0000,0.0000,0.8000,0.0000,2,1000.0000,2681.8283,2681.8283,4193.7552,4193.7552,-0.8598,-0.8598,0.0247,0.0247,0.0000,0.0000,0.0000,0.0000,-2584.5549,-2584.5549,1733.4991,1733.4991,0.0000,0.0000,0.0000,0.0000,0.0000,1.7047,1.7047,5.0134,5.0134,-314.1091,-314.1091,375.0224,375.0224,0.0000,-0.0729,13751.1669,0.0000,0.9637,0.9637,0.4134,0.4134,0.0000,0.0000,5.7833,682.5806,16.5525,385.1514,278.5438,2.3329,-2.2453
13.3000,brake,135.2367,0.0000,0.0000,9.4142,2.5353,0.0000,0.0000,0.0000,0.8000,0.0000,2,1000.0000,3858.2365,3858.2365,3007.6901,3007.6901,0.1265,0.1265,0.2192,0.2192,0.0000,0.0000,0.0000,0.0000,3703.6728,3703.6728,2994.4537,2994.4537,0.0000,0.0000,0.0000,0.0000,0.0000,3.2139,3.2139,1.9331,1.9331,15.7340,15.7340,-48.9844,-48.9844,0.0000,0.0282,13731.8531,0.0000,0.9599,0.9599,0.9956,0.9956,0.0000,0.0000,5.8862,684.8726,16.5533,386.8995,278.9550,2.4648,-2.2163
13.4000,brake,135.4938,0.0000,0.0000,9.2813,2.6469,0.0000,0.0000,0.0000,0.8000,0.0000,2,1000.0000,2580.7766,2580.7766,4296.2752,4296.2752,-0.8676,-0.8676,-0.0538,-0.0538,0.0000,0.0000,0.0000,0.0000,-2494.8985,-2494.8985,-3282.6414,-3282.6414,0.0000,0.0000,0.0000,0.0000,0.0000,-0.4987,-0.4987,6.4774,6.4774,-327.2557,-327.2557,401.3621,401.3621,0.0000,-0.1537,13754.1035,0.0000,0.9667,0.9667,0.7641,0.7641,0.0000,0.0000,6.1373,687.1533,16.5541,388.6160,279.6709,2.3122,-2.6200
13.5000,brake,135.7511,0.0000,0.0000,9.4367,2.5419,0.0000,0.0000,0.0000,0.8000,0.0000,2,1000.0000,3850.6420,3850.6420,3014.6897,3014.6897,0.1162,0.1162,0.1789,0.1789,0.0000,0.0000,0.0000,0.0000,3664.5265,3664.5265,3008.9292,3008.9292,0.0000,0.0000,0.0000,0.0000,0.0000,3.7733,3.7733,1.8330,1.8330,7.0997,7.0997,-46.2711,-46.2711,0.0000,0.0428,13730.6633,0.0000,0.9517,0.9517,0.9981,0.9981,0.0000,0.0000,5.8962,689.1774,16.5549,390.2857,279.8827,2.4541,-2.2370
13.6000,brake,136.0128,0.0000,0.0000,9.2932,2.6126,0.0000,0.0000,0.0000,0.8000,0.0000,2,1186.9074,4948.6490,4948.6490,1930.3800,1930.3800,-0.0910,-0.0910,0.5263,0.5263,0.0000,0.0000,0.0000,0.0000,-4545.4934,-4545.4934,1926.8131,1926.8131,0.0000,0.0000,0.0000,0.0000,0.0000,2.2314,2.2314,3.4346,3.4346,461.7001,461.7001,-367.5371,-367.5371,0.0000,-0.0265,13758.0581,0.0000,0.9185,0.9185,0.9982,0.9982,0.0000,0.0000,6.2749,691.3436,16.5558,392.0711,280.4183,2.2984,-2.7714
13.7000,brake,136.2696,0.0000,0.0000,8.9381,2.5149,0.0000,0.0000,0.0000,0.8000,0.0000,2,1190.0427,4866.4588,4866.4588,2010.0598,2010.0598,-0.3373,-0.3373,0.5809,0.5809,0.0000,0.0000,0.0000,0.0000,-4679.7280,-4679.7280,1985.9369,1985.9369,0.0000,0.0000,0.0000,0.0000,0.0000,5.8403,5.8403,0.1717,0.1717,392.7644,392.7644,-321.4333,-321.4333,0.0000,0.1249,13753.0372,0.0000,0.9616,0.9616,0.9880,0.9880,0.0000,0.0000,5.8804,693.3476,16.5566,393.7846,281.0719,1.9346,-2.7408
13.8000,brake,136.5215,0.0000,0.0000,9.2849,2.5615,0.0000,0.0000,0.0000,0.8000,0.0000,2,1000.0000,2558.8256,2558.8256,4319.0189,4319.0189,-0.8567,-0.8567,0.0991,0.0991,0.0000,0.0000,0.0000,0.0000,-2478.1125,-2478.1125,3963.0909,3963.0909,0.0000,0.0000,0.0000,0.0000,0.0000,2.2505,2.2505,3.8607,3.8607,-353.1461,-353.1461,436.6662,436.6662,0.0000,-0.0355,13755.6889,0.0000,0.9685,0.9685,0.9176,0.9176,0.0000,0.0000,5.7205,695.6047,16.5573,395.4325,281.3540,2.2608,-2.2547
13.9000,brake,136.7707,0.0000,0.0000,8.8766,2.4740,0.0000,0.0000,0.0000,0.8000,0.0000,2,1000.0000,3755.7568,3755.7568,3108.9649,3108.9649,-0.1613,-0.1613,0.3456,0.3456,0.0000,0.0000,0.0000,0.0000,-3722.2147,-3722.2147,3027.5119,3027.5119,0.0000,0.0000,0.0000,0.0000,0.0000,4.8075,4.8075,1.1576,1.1576,-29.4114,-29.4114,-14.4899,-14.4899,0.0000,0.0804,13729.4434,0.0000,0.9911,0.9911,0.9738,0.9738,0.0000,0.0000,5.5192,697.8282,16.5580,397.2855,282.1398,1.8447,-2.4694
14.0000,brake,137.0200,0.0000,0.0000,8.8628,2.4477,0.0000,0.0000,0.0000,0.8000,0.0000,2,1000.0000,4158.3795,4158.3795,2709.1352,2709.1352,0.2931,0.2931,-0.3143,-0.3143,0.0000,0.0000,0.0000,0.0000,3963.2333,3963.2333,-2769.2641,-2769.2641,0.0000,0.0000,0.0000,0.0000,0.0000,5.6139,5.6139,1.0188,1.0188,111.8166,111.8166,-127.7274,-127.7274,0.0000,0.1013,13735.0293,0.0000,0.9531,0.9531,1.0222,1.0222,0.0000,0.0000,5.5157,699.9093,16.5588,398.9522,282.5870,1.8113,-2.4994
14.1000,brake,137.2683,0.0000,0.0000,8.8688,2.5450,0.0000,0.0000,0.0000,0.8000,0.0000,2,1000.0000,3452.3214,3452.3214,3414.2271,3414.2271,-0.3511,-0.3511,-0.2459,-0.2459,0.0000,0.0000,0.0000,0.0000,-3427.1739,-3427.1739,-3416.1495,-3416.1495,0.0000,0.0000,0.0000,0.0000,0.0000,0.8988,0.8988,5.2374,5.2374,-88.2030,-88.2030,60.9894,60.9894,0.0000,-0.0956,13733.0971,0.0000,0.9927,0.9927,1.0006,1.0006,0.0000,0.0000,5.6818,702.2165,16.5595,400.6975,283.1620,1.7974,-2.6793
14.2000,brake,137.5146,0.0000,0.0000,9.0511,2.4342,0.0000,0.0000,0.0000,0.8000,0.0000,2,1000.0000,3859.2772,3859.2772,3005.6882,3005.6882,0.1552,0.1552,0.2665,0.2665,0.0000,0.0000,0.0000,0.0000,3748.6131,3748.6131,2972.8650,2972.8650,0.0000,0.0000,0.0000,0.0000,0.0000,4.4447,4.4447,1.2574,1.2574,3.8717,3.8717,-44.6980,-44.6980,0.0000,0.0702,13729.9308,0.0000,0.9713,0.9713,0.9891,0.9891,0.0000,0.0000,5.5319,704.3026,16.5602,402.4109,283.3730,1.9585,-2.3684
14.3000,brake,137.7604,0.0000,0.0000,8.7571,2.4343,0.0000,0.0000,0.0000,0.8000,0.0000,2,1000.0000,3534.9406,3534.9406,3331.2306,3331.2306,-0.8388,-0.8388,0.4592,0.4592,0.0000,0.0000,0.0000,0.0000,-3321.4356,-3321.4356,3171.4412,3171.4412,0.0000,0.0000,0.0000,0.0000,0.0000,4.5267,4.5267,1.8631,1.8631,-90.4883,-90.4883,61.5825,61.5825,0.0000,0.0587,13732.3424,0.0000,0.9396,0.9396,0.9520,0.9520,0.0000,0.0000,5.3924,706.4308,16.5609,404.1677,284.0421,1.6602,-2.5272
14.4000,brake,138.0058,0.0000,0.0000,8.6845,2.4376,0.0000,0.0000,0.0000,0.8000,0.0000,2,1144.4564,4949.9519,4949.9519,1927.2897,1927.2897,-0.0636,-0.0636,0.5283,0.5283,0.0000,0.0000,0.0000,0.0000,-4044.1742,-4044.1742,1923.6134,1923.6134,0.0000,0.0000,0.0000,0.0000,0.0000,4.3728,4.3728,2.3982,2.3982,440.8593,440.8593,-360.9617,-360.9617,0.0000,0.0435,13754.4833,0.0000,0.8170,0.8170,0.9981,0.9981,0.0000,0.0000,5.5561,708.4443,16.5616,405.9045,284.4064,1.5719,-2.7791
14.5000,brake,138.2506,0.0000,0.0000,9.0399,2.4914,0.0000,0.0000,0.0000,0.8000,0.0000,2,1000.0000,2557.6466,2557.6466,4319.6072,4319.6072,-0.8471,-0.8471,0.1446,0.1446,0.0000,0.0000,0.0000,0.0000,-2479.1572,-2479.1572,4136.6817,4136.6817,0.0000,0.0000,0.0000,0.0000,0.0000,1.3666,1.3666,4.9373,4.9373,-347.1544,-347.1544,426.1669,426.1669,0.0000,-0.0787,13754.5075,0.0000,0.9693,0.9693,0.9577,0.9577,0.0000,0.0000,5.4771,710.7137,16.5623,407.5502,284.7041,1.8972,-2.3749
14.6000,brake,138.4934,0.0000,0.0000,8.6561,2.4130,0.0000,0.0000,0.0000,0.8000,0.0000,2,1000.0000,3764.8216,3764.8216,3099.8068,3099.8068,-0.1380,-0.1380,0.3644,0.3644,0.0000,0.0000,0.0000,0.0000,-3730.2992,-3730.2992,3011.1838,3011.1838,0.0000,0.0000,0.0000,0.0000,0.0000,4.1324,4.1324,1.8114,1.8114,-21.9868,-21.9868,-21.7577,-21.7577,0.0000,0.0511,13729.2567,0.0000,0.9908,0.9908,0.9714,0.9714,0.0000,0.0000,5.3147,712.9417,16.5630,409.3915,285.4722,1.5151,-2.5946
14.7000,brake,138.7371,0.0000,0.0000,8.6739,2.3967,0.0000,0.0000,0.0000,0.8000,0.0000,2,1000.0000,4076.7150,4076.7150,2790.0120,2790.0120,0.2468,0.2468,-0.3054,-0.3054,0.0000,0.0000,0.0000,0.0000,3920.8592,3920.8592,-2847.4538,-2847.4538,0.0000,0.0000,0.0000,0.0000,0.0000,4.9492,4.9492,1.5759,1.5759,85.8120,85.8120,-108.5834,-108.5834,0.0000,0.0743,13733.4539,0.0000,0.9618,0.9618,1.0206,1.0206,0.0000,0.0000,5.3408,715.0304,16.5637,411.0428,285.9121,1.5119,-2.6239
14.8000,brake,138.9803,0.0000,0.0000,8.6921,2.4960,0.0000,0.0000,0.0000,0.8000,0.0000,2,1000.0000,3445.9366,3445.9366,3420.6031,3420.6031,-0.3382,-0.3382,-0.2303,-0.2303,0.0000,0.0000,0.0000,0.0000,-3427.8196,-3427.8196,-3421.8906,-3421.8906,0.0000,0.0000,0.0000,0.0000,0.0000,0.4939,0.4939,5.5231,5.5231,-87.1245,-87.1245,60.7046,60.7046,0.0000,-0.1108,13733.0795,0.0000,0.9947,0.9947,1.0004,1.0004,0.0000,0.0000,5.5156,717.3427,16.5643,412.7842,286.4846,1.5096,-2.8010
14.9000,brake,139.2222,0.0000,0.0000,8.8991,2.3920,0.0000,0.0000,0.0000,0.8000,0.0000,2,1000.0000,3862.9087,3862.9087,3002.2572,3002.2572,0.1721,0.1721,0.2822,0.2822,0.0000,0.0000,0.0000,0.0000,3759.0208,3759.0208,2962.6348,2962.6348,0.0000,0.0000,0.0000,0.0000,0.0000,4.0507,4.0507,1.5017,1.5017,9.2764,9.2764,-47.4105,-47.4105,0.0000,0.0562,13730.3318,0.0000,0.9731,0.9731,0.9868,0.9868,0.0000,0.0000,5.3867,719.4346,16.5650,414.4827,286.6957,1.6913,-2.4903
15.0000,brake,139.4642,0.0000,0.0000,8.6298,2.3994,0.0000,0.0000,0.0000,0.8000,0.0000,2,1000.0000,3552.9242,3552.9242,3313.0317,3313.0317,-0.8336,-0.8336,0.4674,0.4674,0.0000,0.0000,0.0000,0.0000,-3338.2039,-3338.2039,3152.6520,3152.6520,0.0000,0.0000,0.0000,0.0000,0.0000,4.0848,4.0848,2.1193,2.1193,-82.1864,-82.1864,51.7557,51.7557,0.0000,0.0433,13731.9119,0.0000,0.9396,0.9396,0.9516,0.9516,0.0000,0.0000,5.2746,721.5677,16.5657,416.2239,287.3570,1.4211,-2.6485
15.1000,brake,139.7064,0.0000,0.0000,8.5840,2.4053,0.0000,0.0000,0.0000,0.8000,0.0000,2,1148.3016,4951.0061,4951.0061,1926.3708,1926.3708,-0.0522,-0.0522,0.5355,0.5355,0.0000,0.0000,0.0000,0.0000,-3671.5551,-3671.5551,1921.1951,1921.1951,0.0000,0.0000,0.0000,0.0000,0.0000,4.0875,4.0875,2.5591,2.5591,444.1431,444.1431,-362.3634,-362.3634,0.0000,0.0337,13754.7537,0.0000,0.7416,0.7416,0.9973,0.9973,0.0000,0.0000,5.4495,723.5883,16.5663,417.9472,287.7159,1.3589,-2.8855
15.2000,brake,139.9484,0.0000,0.0000,8.9439,2.4646,0.0000,0.0000,0.0000,0.8000,0.0000,2,1000.0000,2558.1830,2558.1830,4319.0737,4319.0737,-0.8432,-0.8432,0.1577,0.1577,0.0000,0.0000,0.0000,0.0000,-2480.4557,-2480.4557,4149.4019,4149.4019,0.0000,0.0000,0.0000,0.0000,0.0000,1.0728,1.0728,5.0933,5.0933,-344.8969,-344.8969,424.4042,424.4042,0.0000,-0.0886,13754.5134,0.0000,0.9696,0.9696,0.9607,0.9607,0.0000,0.0000,5.3845,725.8647,16.5670,419.5888,288.0241,1.6848,-2.4946
15.3000,brake,140.1888,0.0000,0.0000,8.5774,2.3913,0.0000,0.0000,0.0000,0.8000,0.0000,2,1000.0000,3769.4191,3769.4191,3095.2811,3095.2811,-0.1286,-0.1286,0.3711,0.3711,0.0000,0.0000,0.0000,0.0000,-3734.3987,-3734.3987,3004.3168,3004.3168,0.0000,0.0000,0.0000,0.0000,0.0000,3.8245,3.8245,1.9740,1.9740,-18.4701,-18.4701,-24.2060,-24.2060,0.0000,0.0408,13729.4004,0.0000,0.9907,0.9907,0.9706,0.9706,0.0000,0.0000,5.2435,728.0981,16.5677,421.4182,288.7893,1.3230,-2.7154
15.4000,brake,140.4305,0.0000,0.0000,8.6117,2.3801,0.0000,0.0000,0.0000,0.8000,0.0000,2,1000.0000,4030.9463,4030.9463,2835.4022,2835.4022,0.2148,0.2148,-0.3111,-0.3111,0.0000,0.0000,0.0000,0.0000,3897.6037,3897.6037,-2886.7194,-2886.7194,0.0000,0.0000,0.0000,0.0000,0.0000,4.6128,4.6128,1.7835,1.7835,70.8734,70.8734,-97.0927,-97.0927,0.0000,0.0623,13732.6970,0.0000,0.9669,0.9669,1.0181,1.0181,0.0000,0.0000,5.2820,730.1917,16.5683,423.0589,289.2293,1.3351,-2.7418
15.5000,brake,140.6721,0.0000,0.0000,8.6353,2.4803,0.0000,0.0000,0.0000,0.8000,0.0000,2,1000.0000,3445.2107,3445.2107,3421.3532,3421.3532,-0.3339,-0.3339,-0.2228,-0.2228,0.0000,0.0000,0.0000,0.0000,-3429.3234,-3429.3234,-3422.5659,-3422.5659,0.0000,0.0000,0.0000,0.0000,0.0000,0.2949,0.2949,5.6245,5.6245,-85.9072,-85.9072,59.9972,59.9972,0.0000,-0.1174,13733.1276,0.0000,0.9954,0.9954,1.0004,1.0004,0.0000,0.0000,5.4638,732.5105,16.5690,424.7978,289.8059,1.3378,-2.9209
15.6000,brake,140.9127,0.0000,0.0000,8.8536,2.3794,0.0000,0.0000,0.0000,0.8000,0.0000,2,1000.0000,3864.3238,3864.3238,3000.9612,3000.9612,0.1776,0.1776,0.2873,0.2873,0.0000,0.0000,0.0000,0.0000,3760.8819,3760.8819,2959.1400,2959.1400,0.0000,0.0000,0.0000,0.0000,0.0000,3.8627,3.8627,1.6002,1.6002,11.7254,11.7254,-48.4807,-48.4807,0.0000,0.0499,13730.5700,0.0000,0.9732,0.9732,0.9861,0.9861,0.0000,0.0000,5.3439,734.6065,16.5697,426.4882,290.0193,1.5293,-2.6096
15.7000,brake,141.1536,0.0000,0.0000,8.5941,2.3896,0.0000,0.0000,0.0000,0.8000,0.0000,2,1000.0000,3559.9933,3559.9933,3305.8984,3305.8984,-0.8321,-0.8321,0.4689,0.4689,0.0000,0.0000,0.0000,0.0000,-3344.6312,-3344.6312,3145.9673,3145.9673,0.0000,0.0000,0.0000,0.0000,0.0000,3.8959,3.8959,2.2187,2.2187,-78.8152,-78.8152,47.9129,47.9129,0.0000,0.0370,13731.7834,0.0000,0.9395,0.9395,0.9516,0.9516,0.0000,0.0000,5.2421,736.7429,16.5703,428.2226,290.6804,1.2696,-2.7674
15.8000,brake,141.3949,0.0000,0.0000,8.5577,2.3964,0.0000,0.0000,0.0000,0.8000,0.0000,2,1150.0691,4951.3433,4951.3433,1926.0995,1926.0995,-0.0489,-0.0489,0.5377,0.5377,0.0000,0.0000,0.0000,0.0000,-3539.4124,-3539.4124,1920.4668,1920.4668,0.0000,0.0000,0.0000,0.0000,0.0000,3.9724,3.9724,2.6175,2.6175,445.4317,445.4317,-362.8557,-362.8557,0.0000,0.0299,13754.8855,0.0000,0.7148,0.7148,0.9971,0.9971,0.0000,0.0000,5.4216,738.7669,16.5710,429.9408,291.0388,1.2163,-3.0003
15.9000,brake,141.6361,0.0000,0.0000,8.9188,2.4576,0.0000,0.0000,0.0000,0.8000,0.0000,2,1000.0000,2558.4449,2558.4449,4318.8211,4318.8211,-0.8422,-0.8422,0.1613,0.1613,0.0000,0.0000,0.0000,0.0000,-2480.9047,-2480.9047,4151.4486,4151.4486,0.0000,0.0000,0.0000,0.0000,0.0000,0.9649,0.9649,5.1472,5.1472,-344.0498,-344.0498,423.7676,423.7676,0.0000,-0.0922,13754.5320,0.0000,0.9697,0.9697,0.9612,0.9612,0.0000,0.0000,5.3605,741.0463,16.5716,431.5810,291.3512,1.5424,-2.6130
16.0000,brake,141.8760,0.0000,0.0000,8.5577,2.3859,0.0000,0.0000,0.0000,0.8000,0.0000,2,1000.0000,3770.8416,3770.8416,3093.8878,3093.8878,-0.1261,-0.1261,0.3729,0.3729,0.0000,0.0000,0.0000,0.0000,-3735.6670,-3735.6670,3002.3434,3002.3434,0.0000,0.0000,0.0000,0.0000,0.0000,3.7220,3.7220,2.0256,2.0256,-17.3301,-17.3301,-24.9710,-24.9710,0.0000,0.0374,13729.4586,0.0000,0.9907,0.9907,0.9704,0.9704,0.0000,0.0000,5.2258,743.2817,16.5723,433.4065,292.1163,1.1867,-2.8341
16.1000,brake,142.1172,0.0000,0.0000,8.5966,2.3761,0.0000,0.0000,0.0000,0.8000,0.0000,2,1000.0000,4017.7585,4017.7585,2848.4876,2848.4876,0.2049,0.2049,-0.3133,-0.3133,0.0000,0.0000,0.0000,0.0000,3890.0226,3890.0226,-2897.8015,-2897.8015,0.0000,0.0000,0.0000,0.0000,0.0000,4.5100,4.5100,1.8446,1.8446,66.6270,66.6270,-93.7891,-93.7891,0.0000,0.0587,13732.4922,0.0000,0.9682,0.9682,1.0173,1.0173,0.0000,0.0000,5.2677,745.3768,16.5730,435.0440,292.5567,1.2031,-2.8595
16.2000,brake,142.3584,0.0000,0.0000,8.6216,2.4765,0.0000,0.0000,0.0000,0.8000,0.0000,2,1000.0000,3445.1192,3445.1192,3421.4534,3421.4534,-0.3328,-0.3328,-0.2208,-0.2208,0.0000,0.0000,0.0000,0.0000,-3429.7681,-3429.7681,-3422.6562,-3422.6562,0.0000,0.0000,0.0000,0.0000,0.0000,0.2363,0.2363,5.6529,5.6529,-85.5141,-85.5141,59.7551,59.7551,0.0000,-0.1194,13733.1452,0.0000,0.9955,0.9955,1.0004,1.0004,0.0000,0.0000,5.4515,747.6976,16.5736,436.7822,293.1347,1.2071,-3.0393
16.3000,brake,142.5987,0.0000,0.0000,8.8430,2.3764,0.0000,0.0000,0.0000,0.8000,0.0000,2,1000.0000,3864.6990,3864.6990,3000.6206,3000.6206,0.1790,0.1790,0.2885,0.2885,0.0000,0.0000,0.0000,0.0000,3761.2619,3761.2619,2958.2682,2958.2682,0.0000,0.0000,0.0000,0.0000,0.0000,3.8106,3.8106,1.6265,1.6265,12.3980,12.3980,-48.7651,-48.7651,0.0000,0.0481,13730.6392,0.0000,0.9732,0.9732,0.9859,0.9859,0.0000,0.0000,5.3339,749.7948,16.5743,438.4704,293.3489,1.4012,-2.7277
16.4000,brake,142.8393,0.0000,0.0000,8.5859,2.3874,0.0000,0.0000,0.0000,0.8000,0.0000,2,1000.0000,3561.8590,3561.8590,3304.0173,3304.0173,-0.8317,-0.8317,0.4692,0.4692,0.0000,0.0000,0.0000,0.0000,-3346.3135,-3346.3135,3144.2392,3144.2392,0.0000,0.0000,0.0000,0.0000,0.0000,3.8461,3.8461,2.2440,2.2440,-77.9264,-77.9264,46.9083,46.9083,0.0000,0.0353,13731.7524,0.0000,0.9395,0.9395,0.9516,0.9516,0.0000,0.0000,5.2346,751.9322,16.5749,440.2031,294.0101,1.1440,-2.8855
16.5000,brake,143.0804,0.0000,0.0000,8.5517,2.3944,0.0000,0.0000,0.0000,0.8000,0.0000,2,1150.5183,4951.4248,4951.4248,1926.0357,1926.0357,-0.0481,-0.0481,0.5382,0.5382,0.0000,0.0000,0.0000,0.0000,-3506.8816,-3506.8816,1920.2948,1920.2948,0.0000,0.0000,0.0000,0.0000,0.0000,3.9428,3.9428,2.6320,2.6320,445.7611,445.7611,-362.9768,-362.9768,0.0000,0.0289,13754.9211,0.0000,0.7083,0.7083,0.9970,0.9970,0.0000,0.0000,5.4153,753.9570,16.5756,441.9201,294.3684,1.0929,-3.1174
16.6000,brake,143.3214,0.0000,0.0000,8.9131,2.4560,0.0000,0.0000,0.0000,0.8000,0.0000,2,1000.0000,2558.5118,2558.5118,4318.7572,4318.7572,-0.8420,-0.8420,0.1622,0.1622,0.0000,0.0000,0.0000,0.0000,-2481.0134,-2481.0134,4151.8445,4151.8445,0.0000,0.0000,0.0000,0.0000,0.0000,0.9380,0.9380,5.1602,5.1602,-343.8388,-343.8388,423.6128,423.6128,0.0000,-0.0930,13754.5380,0.0000,0.9697,0.9697,0.9614,0.9614,0.0000,0.0000,5.3550,756.2371,16.5762,443.5599,294.6819,1.4190,-2.7309
16.7000,brake,143.5611,0.0000,0.0000,8.5532,2.3847,0.0000,0.0000,0.0000,0.8000,0.0000,2,1000.0000,3771.1859,3771.1859,3093.5508,3093.5508,-0.1255,-0.1255,0.3733,0.3733,0.0000,0.0000,0.0000,0.0000,-3735.9741,-3735.9741,3001.8770,3001.8770,0.0000,0.0000,0.0000,0.0000,0.0000,3.6972,3.6972,2.0378,2.0378,-17.0545,-17.0545,-25.1536,-25.1536,0.0000,0.0366,13729.4735,0.0000,0.9907,0.9907,0.9704,0.9704,0.0000,0.0000,5.2218,758.4731,16.5769,445.3845,295.4470,1.0647,-2.9521
16.8000,brake,143.8023,0.0000,0.0000,8.5932,2.3753,0.0000,0.0000,0.0000,0.8000,0.0000,2,1000.0000,4014.6810,4014.6810,2851.5416,2851.5416,0.2025,0.2025,-0.3138,-0.3138,0.0000,0.0000,0.0000,0.0000,3888.1401,3888.1401,-2900.3769,-2900.3769,0.0000,0.0000,0.0000,0.0000,0.0000,4.4857,4.4857,1.8588,1.8588,65.6393,65.6393,-93.0179,-93.0179,0.0000,0.0579,13732.4452,0.0000,0.9685,0.9685,1.0171,1.0171,0.0000,0.0000,5.2645,760.5685,16.5776,447.0213,295.8876,1.0821,-2.9773
16.9000,brake,144.0434,0.0000,0.0000,8.6186,2.4756,0.0000,0.0000,0.0000,0.8000,0.0000,2,1000.0000,3445.1030,3445.1030,3421.4718,3421.4718,-0.3326,-0.3326,-0.2203,-0.2203,0.0000,0.0000,0.0000,0.0000,-3429.8718,-3429.8718,-3422.6727,-3422.6727,0.0000,0.0000,0.0000,0.0000,0.0000,0.2226,0.2226,5.6594,5.6594,-85.4207,-85.4207,59.6980,59.6980,0.0000,-0.1198,13733.1496,0.0000,0.9956,0.9956,1.0004,1.0004,0.0000,0.0000,5.4487,762.8898,16.5782,448.7593,296.4659,1.0864,-3.1573
17.0000,brake,144.2836,0.0000,0.0000,8.8406,2.3757,0.0000,0.0000,0.0000,0.8000,0.0000,2,1000.0000,3864.7853,3864.7853,3000.5423,3000.5423,0.1793,0.1793,0.2888,0.2888,0.0000,0.0000,0.0000,0.0000,3761.3440,3761.3440,2958.0708,2958.0708,0.0000,0.0000,0.0000,0.0000,0.0000,3.7985,3.7985,1.6325,1.6325,12.5531,12.5531,-48.8298,-48.8298,0.0000,0.0477,13730.6554,0.0000,0.9732,0.9732,0.9858,0.9858,0.0000,0.0000,5.3317,764.9872,16.5789,450.4470,296.6803,1.2811,-2.8456
17.1000,brake,144.5241,0.0000,0.0000,8.5840,2.3869,0.0000,0.0000,0.0000,0.8000,0.0000,2,1000.0000,3562.2883,3562.2883,3303.5845,3303.5845,-0.8316,-0.8316,0.4692,0.4692,0.0000,0.0000,0.0000,0.0000,-3346.6998,-3346.6998,3143.8435,3143.8435,0.0000,0.0000,0.0000,0.0000,0.0000,3.8348,3.8348,2.2497,2.2497,-77.7226,-77.7226,46.6785,46.6785,0.0000,0.0349,13731.7455,0.0000,0.9395,0.9395,0.9516,0.9516,0.0000,0.0000,5.2330,767.1249,16.5795,452.1793,297.3415,1.0245,-3.0034
17.2000,brake,144.7652,0.0000,0.0000,8.5504,2.3939,0.0000,0.0000,0.0000,0.8000,0.0000,2,1150.6202,4951.4431,4951.4431,1926.0215,1926.0215,-0.0479,-0.0479,0.5383,0.5383,0.0000,0.0000,0.0000,0.0000,-3499.5531,-3499.5531,1920.2565,1920.2565,0.0000,0.0000,0.0000,0.0000,0.0000,3.9360,3.9360,2.6353,2.6353,445.8358,445.8358,-363.0038,-363.0038,0.0000,0.0287,13754.9292,0.0000,0.7068,0.7068,0.9970,0.9970,0.0000,0.0000,5.4139,769.1499,16.5802,453.8960,297.6998,0.9739,-3.2350
17.3000,brake,145.0062,0.0000,0.0000,8.9118,2.4556,0.0000,0.0000,0.0000,0.8000,0.0000,2,1000.0000,2558.5270,2558.5270,4318.7427,4318.7427,-0.8419,-0.8419,0.1624,0.1624,0.0000,0.0000,0.0000,0.0000,-2481.0378,-2481.0378,4151.9287,4151.9287,0.0000,0.0000,0.0000,0.0000,0.0000,0.9320,0.9320,5.1631,5.1631,-343.7912,-343.7912,423.5783,423.5783,0.0000,-0.0932,13754.5394,0.0000,0.9697,0.9697,0.9614,0.9614,0.0000,0.0000,5.3538,771.4302,16.5809,455.5357,298.0136,1.3000,-2.8487
17.4000,brake,145.2459,0.0000,0.0000,8.5523,2.3844,0.0000,0.0000,0.0000,0.8000,0.0000,2,1000.0000,3771.2634,3771.2634,3093.4750,3093.4750,-0.1254,-0.1254,0.3733,0.3733,0.0000,0.0000,0.0000,0.0000,-3736.0432,-3736.0432,3001.7727,3001.7727,0.0000,0.0000,0.0000,0.0000,0.0000,3.6917,3.6917,2.0405,2.0405,-16.9927,-16.9927,-25.1945,-25.1945,0.0000,0.0364,13729.4769,0.0000,0.9907,0.9907,0.9704,0.9704,0.0000,0.0000,5.2210,773.6662,16.5815,457.3601,298.7786,0.9460,-3.0699
17.5000,brake,145.4870,0.0000,0.0000,8.5925,2.3751,0.0000,0.0000,0.0000,0.8000,0.0000,2,1000.0000,4013.9956,4013.9956,2852.2218,2852.2218,0.2020,0.2020,-0.3139,-0.3139,0.0000,0.0000,0.0000,0.0000,3887.7139,3887.7139,-2900.9499,-2900.9499,0.0000,0.0000,0.0000,0.0000,0.0000,4.4803,4.4803,1.8620,1.8620,65.4194,65.4194,-92.8460,-92.8460,0.0000,0.0577,13732.4348,0.0000,0.9685,0.9685,1.0171,1.0171,0.0000,0.0000,5.2638,775.7618,16.5822,458.9967,299.2192,0.9637,-3.0951
17.6000,brake,145.7281,0.0000,0.0000,8.6179,2.4755,0.0000,0.0000,0.0000,0.8000,0.0000,2,1000.0000,3445.0996,3445.0996,3421.4757,3421.4757,-0.3325,-0.3325,-0.2202,-0.2202,0.0000,0.0000,0.0000,0.0000,-3429.8949,-3429.8949,-3422.6762,-3422.6762,0.0000,0.0000,0.0000,0.0000,0.0000,0.2195,0.2195,5.6609,5.6609,-85.3998,-85.3998,59.6852,59.6852,0.0000,-0.1199,13733.1506,0.0000,0.9956,0.9956,1.0004,1.0004,0.0000,0.0000,5.4481,778.0832,16.5828,460.7347,299.7976,0.9680,-3.2751
17.7000,brake,145.9683,0.0000,0.0000,8.8400,2.3756,0.0000,0.0000,0.0000,0.8000,0.0000,2,1000.0000,3864.8045,3864.8045,3000.5250,3000.5250,0.1793,0.1793,0.2888,0.2888,0.0000,0.0000,0.0000,0.0000,3761.3620,3761.3620,2958.0272,2958.0272,0.0000,0.0000,0.0000,0.0000,0.0000,3.7958,3.7958,1.6338,1.6338,12.5875,12.5875,-48.8442,-48.8442,0.0000,0.0476,13730.6590,0.0000,0.9732,0.9732,0.9858,0.9858,0.0000,0.0000,5.3312,780.1806,16.5835,462.4223,300.0121,1.1628,-2.9634
17.8000,brake,146.2088,0.0000,0.0000,8.5836,2.3868,0.0000,0.0000,0.0000,0.8000,0.0000,2,1000.0000,3562.3836,3562.3836,3303.4883,3303.4883,-0.8316,-0.8316,0.4692,0.4692,0.0000,0.0000,0.0000,0.0000,-3346.7856,-3346.7856,3143.7557,3143.7557,0.0000,0.0000,0.0000,0.0000,0.0000,3.8323,3.8323,2.2509,2.2509,-77.6774,-77.6774,46.6275,46.6275,0.0000,0.0348,13731.7440,0.0000,0.9395,0.9395,0.9516,0.9516,0.0000,0.0000,5.2326,782.3183,16.5841,464.1545,300.6733,0.9064,-3.1212
17.9000,brake,146.4499,0.0000,0.0000,8.5501,2.3938,0.0000,0.0000,0.0000,0.8000,0.0000,2,1150.6428,4951.4471,4951.4471,1926.0184,1926.0184,-0.0479,-0.0479,0.5384,0.5384,0.0000,0.0000,0.0000,0.0000,-3497.9332,-3497.9332,1920.2480,1920.2480,0.0000,0.0000,0.0000,0.0000,0.0000,3.9346,3.9346,2.6360,2.6360,445.8523,445.8523,-363.0098,-363.0098,0.0000,0.0286,13754.9310,0.0000,0.7064,0.7064,0.9970,0.9970,0.0000,0.0000,5.4136,784.3434,16.5848,465.8711,301.0316,0.8558,-3.3528
18.0000,brake,146.6909,0.0000,0.0000,8.9115,2.4555,0.0000,0.0000,0.0000,0.8000,0.0000,2,1000.0000,2558.5304,2558.5304,4318.7395,4318.7395,-0.8419,-0.8419,0.1624,0.1624,0.0000,0.0000,0.0000,0.0000,-2481.0432,-2481.0432,4151.9471,4151.9471,0.0000,0.0000,0.0000,0.0000,0.0000,0.9307,0.9307,5.1637,5.1637,-343.7807,-343.7807,423.5706,423.5706,0.0000,-0.0933,13754.5398,0.0000,0.9697,0.9697,0.9614,0.9614,0.0000,0.0000,5.3535,786.6237,16.5855,467.5108,301.3454,1.1820,-2.9665
